,resid
2010-06-29,0.10180483703690929
2010-06-30,0.1066243002159846
2010-07-01,0.000688802456055515
2010-07-02,-0.08310229692208061
2010-07-06,0.012078033780132752
2010-07-07,-0.06712891216198785
2010-07-08,0.009997384284292012
2010-07-09,-0.0481110222586002
2010-07-12,-0.1329686394666464
2010-07-13,0.12354420313746275
2010-07-14,0.07433825378498787
2010-07-15,-0.04933605935734283
2010-07-16,-0.05517774894314764
2010-07-19,0.016764737036364483
2010-07-20,0.11087762007625715
2010-07-21,-0.02246190662303233
2010-07-22,-0.019869263436044858
2010-07-23,-0.030911410594753996
2010-07-26,-0.06790184888589436
2010-07-27,0.130344640111032
2010-07-28,0.040337642479723206
2010-07-29,-0.04613559987706469
2010-07-30,-0.11917804553587275
2010-08-02,-0.06870183858621672
2010-08-03,0.2148778546801087
2010-08-04,0.05420444851003186
2010-08-05,-0.04440284516971068
2010-08-06,-0.0898443825490719
2010-08-09,-0.05203528318153107
2010-08-10,0.16421161780270513
2010-08-11,-0.013528934668701816
2010-08-12,-0.08480280187295228
2010-08-13,-0.06544457748015009
2010-08-16,-0.05403549585091584
2010-08-17,0.1710116494646368
2010-08-18,0.015937670517753126
2010-08-19,-0.06293566968606254
2010-08-20,-0.06997801139433213
2010-08-23,-0.02403561982859527
2010-08-24,0.11741124281791085
2010-08-25,0.036738213349153774
2010-08-26,-0.03200245645209462
2010-08-27,-0.06611152961331113
2010-08-30,-0.06976866636023694
2010-08-31,0.10301159510520821
2010-09-01,0.03033765201648147
2010-09-02,-0.00013578679723843384
2010-09-03,-0.04677783324797746
2010-09-07,-0.09190242204417122
2010-09-08,0.1602110255709193
2010-09-09,0.032605036545567394
2010-09-10,-0.0733356549994579
2010-09-13,-0.07811137511810229
2010-09-14,-0.06216885957467845
2010-09-15,0.21061102042106786
2010-09-16,0.017404660034959933
2010-09-17,-0.08746903684303506
2010-09-20,-0.03104456737119221
2010-09-21,-0.03963544282661648
2010-09-22,0.11834479460626615
2010-09-23,-0.014595547866048504
2010-09-24,-0.04920280721350064
2010-09-27,-0.07571078612882676
2010-09-28,-0.036702083680528644
2010-09-29,0.21154423842338724
2010-09-30,-0.018594948004883323
2010-10-01,-0.06440284993814524
2010-10-04,-0.045177973056621856
2010-10-05,-0.04443545255411209
2010-10-06,0.13007801661402277
2010-10-07,0.018738039780435693
2010-10-08,-0.031735856796973626
2010-10-11,-0.07251116111359834
2010-10-12,-0.08443562898386338
2010-10-13,0.15034464487939106
2010-10-14,0.045137795258368855
2010-10-15,-0.0285362079398341
2010-10-18,-0.07771076037962021
2010-10-19,-0.09736871633277357
2010-10-20,0.1564782727709413
2010-10-21,0.03553763275223492
2010-10-22,-0.04613624360722831
2010-10-25,-0.06917759254057254
2010-10-26,-0.04870223912940687
2010-10-27,0.1286112178316439
2010-10-28,0.014471682358591025
2010-10-29,-0.002936060692517249
2010-11-01,-0.06891139819701075
2010-11-02,-0.13670186910379967
2010-11-03,0.07954448351770196
2010-11-04,0.12127140407642306
2010-11-05,-0.016669423844047203
2010-11-08,-0.10891114547331171
2010-11-09,-0.18176870259987343
2010-11-10,0.2778112042894987
2010-11-11,-0.007128730963895498
2010-11-12,-0.01653602864906297
2010-11-15,0.01868883297366397
2010-11-16,-0.08896882447948408
2010-11-17,0.09994460234551908
2010-11-18,-0.027395168494391005
2010-11-19,-0.08160281922978949
2010-11-22,-0.027711022640064642
2010-11-23,-0.029768823716526907
2010-11-24,0.20194462428001805
2010-11-26,0.046871408272564245
2010-11-29,-0.0784024551169353
2010-11-30,0.0028219096414597855
2010-12-01,-0.019102310273535608
2010-12-02,0.11741160044578439
2010-12-03,-0.008995739173096436
2010-12-06,-0.12346900251076717
2010-12-07,-0.0631777413137834
2010-12-08,-0.017235683534044935
2010-12-09,0.1744782317629259
2010-12-10,0.060204156685670966
2010-12-13,-0.029735524918278654
2010-12-14,-0.17491101100526107
2010-12-15,-0.10910265359628725
2010-12-16,0.1724779714098297
2010-12-17,0.04007168655473297
2010-12-20,-0.03986962583228278
2010-12-21,-0.01997743918972994
2010-12-22,0.0744975575472163
2010-12-23,0.1919446815004973
2010-12-27,-0.16966234798354912
2010-12-28,-0.09280248429937685
2010-12-29,0.014289223407906282
2010-12-30,-0.08963546666849721
2010-12-31,0.13181086668878697
2011-01-03,0.023804863739806663
2011-01-04,-0.053469450737661815
2011-01-05,-0.09131101443845313
2011-01-06,-0.05336882982002601
2011-01-07,0.18301139960199245
2011-01-10,0.07593825702745288
2011-01-11,-0.06346963193580454
2011-01-12,-0.05731140449124983
2011-01-13,-0.07683544072854333
2011-01-14,0.1471450913896946
2011-01-18,0.07833758239824123
2011-01-19,-0.04880264547036447
2011-01-20,-0.1530443556554929
2011-01-21,-0.11990225229012642
2011-01-24,0.18341158518699044
2011-01-25,0.046071108628112194
2011-01-26,-0.02440264966650104
2011-01-27,-0.03491143062190194
2011-01-28,-0.09296865377177412
2011-01-31,0.14007829317956058
2011-02-01,0.025271233368709005
2011-02-02,-0.027602679993350608
2011-02-03,-0.06157797648986241
2011-02-04,-0.08830222997414973
2011-02-07,0.11167803893000963
2011-02-08,0.09247160797198423
2011-02-09,-0.05226960923835718
2011-02-10,-0.07877777888854898
2011-02-11,-0.06243569764839897
2011-02-14,0.122211419438393
2011-02-15,-0.018195096205869517
2011-02-16,0.046530930732038324
2011-02-17,-0.03971136882382653
2011-02-18,-0.06190242681253268
2011-02-22,0.09634479174523072
2011-02-23,-0.025795546721604064
2011-02-24,-0.050802643562977555
2011-02-25,-0.0334443695791341
2011-02-28,-0.05163526448952961
2011-03-01,0.1435446132174061
2011-03-02,0.011671074677321806
2011-03-03,-0.04186929013890813
2011-03-04,-0.03917795493681531
2011-03-07,-0.056835245225315925
2011-03-08,0.14541126379878347
2011-03-09,0.041804441262096974
2011-03-10,-0.04520242955848671
2011-03-11,-0.0454442150839075
2011-03-14,-0.0824356785749253
2011-03-15,0.12981125006588126
2011-03-16,0.01660426502306061
2011-03-17,-0.03933566358253945
2011-03-18,-0.04624403789119669
2011-03-21,-0.061102604005208186
2011-03-22,0.12554427275568283
2011-03-23,0.010338219452689694
2011-03-24,-0.05080242898625672
2011-03-25,-0.07291096522886342
2011-03-28,-0.06723589811074272
2011-03-29,0.12141140589621904
2011-03-30,-0.06406172866740728
2011-03-31,0.10866398069694563
2011-04-01,-0.028111375118089588
2011-04-04,-0.12816886815775252
2011-04-05,0.15287800917534036
2011-04-06,0.021804674912299475
2011-04-07,0.01706394407585691
2011-04-08,-0.03264435603695881
2011-04-11,-0.10083525094734926
2011-04-12,0.10207761416345365
2011-04-13,0.013538011360946171
2011-04-14,-0.03146920945808881
2011-04-15,-0.03597797229369781
2011-04-18,-0.0912353030179719
2011-04-19,0.1123442281237095
2011-04-20,0.021538289833838924
2011-04-21,-2.224709241015199e-06
2011-04-25,-0.07597800567230151
2011-04-26,-0.07310244951000912
2011-04-27,0.14167784342673387
2011-04-28,0.0468714082725749
2011-04-29,-0.018535812164985198
2011-05-02,-0.05037754848083453
2011-05-03,-0.08043589505901284
2011-05-04,0.13021105418114146
2011-05-05,-0.01192838306347472
2011-05-06,-0.04826944616005121
2011-05-09,-0.02771097495634589
2011-05-10,-0.023768853280440885
2011-05-11,0.10274466166404886
2011-05-12,0.040871437836484
2011-05-13,0.002264134619972137
2011-05-16,-0.07851160838681237
2011-05-17,-0.13590204629647784
2011-05-18,0.10074485430627059
2011-05-19,0.10180443172533876
2011-05-20,0.014131014083168782
2011-05-23,-0.12464441135008919
2011-05-24,-0.15603589925516237
2011-05-25,0.1898114789476846
2011-05-26,0.05953784828266578
2011-05-27,-0.022002394463254325
2011-05-31,-0.006777871394955226
2011-06-01,-0.13110246572244721
2011-06-02,0.11247786173730104
2011-06-03,0.10807183628162326
2011-06-06,-0.030802781845776527
2011-06-07,-0.06464461162169577
2011-06-08,-0.12536868962988723
2011-06-09,0.12781127581505494
2011-06-10,0.02140439395983578
2011-06-13,-0.005469401146613838
2011-06-14,-0.006244004512620749
2011-06-15,-0.08110263261541241
2011-06-16,0.11274484286218403
2011-06-17,0.0076716506965911965
2011-06-20,-0.085736067558942
2011-06-21,-0.027577985072898437
2011-06-22,-0.07083544645057661
2011-06-23,0.15941098818689128
2011-06-24,0.02300470714649177
2011-06-27,-0.0609356239096703
2011-06-28,-0.06357785537318617
2011-06-29,-0.0785690299009091
2011-06-30,0.17127786765009703
2011-07-01,0.03327141647416381
2011-07-05,-0.04013584401773281
2011-07-06,-0.07491096332151981
2011-07-07,-0.02230248365155453
2011-07-08,0.14554487357049697
2011-07-11,-0.0001953756324442682
2011-07-12,-0.0461360290305299
2011-07-13,-0.025444806361996197
2011-07-14,-0.0868352642988225
2011-07-15,0.13114505896476383
2011-07-18,-0.012195769499977534
2011-07-19,-0.044936235214927366
2011-07-20,-0.04144398048004361
2011-07-21,-0.06523582849252775
2011-07-22,0.18887821326162893
2011-07-25,0.03020423297959523
2011-07-26,-0.057602412964565995
2011-07-27,-0.09371081664642011
2011-07-28,-0.06976904783001649
2011-07-29,0.1552778590669928
2011-08-01,0.0818046176918405
2011-08-02,-0.030135638977760025
2011-08-03,-0.014111364627682366
2011-08-04,-0.11670229348889095
2011-08-05,0.09594467768577244
2011-08-08,-0.018328801345070263
2011-08-09,0.006797592376005114
2011-08-10,-0.1305111296423459
2011-08-11,-0.07403550061932308
2011-08-12,0.19567779192832105
2011-08-15,0.044204863358309136
2011-08-16,-0.012802632118888511
2011-08-17,-0.004377806926601724
2011-08-18,-0.05963582906471222
2011-08-19,0.06781166682155496
2011-08-22,-0.04872895831982233
2011-08-23,-0.028269107605664222
2011-08-24,-0.013711369777508309
2011-08-25,-0.10883521947608411
2011-08-26,0.1264780391207139
2011-08-29,0.0608710611351339
2011-08-30,-0.01853588369056399
2011-08-31,-0.029444587970587688
2011-09-01,-0.06283543023815343
2011-09-02,0.10194481501486899
2011-09-06,-0.010995570372744519
2011-09-07,0.0005306169731982627
2011-09-08,-0.039310801769070314
2011-09-09,-0.10483570012795997
2011-09-12,0.09874449858575599
2011-09-13,0.04327102546769928
2011-09-14,-0.03933568742439993
2011-09-15,-0.07291077449397487
2011-09-16,-0.04096903714882373
2011-09-19,0.15314468035609566
2011-09-20,0.03900459652028581
2011-09-21,-0.04160304811161538
2011-09-22,-0.0799773581274178
2011-09-23,-0.0400352946256254
2011-09-26,0.13567765841395232
2011-09-27,0.08113807087026154
2011-09-28,-0.0612028672949649
2011-09-29,-0.09571098163202618
2011-09-30,-0.05163543138252237
2011-10-03,0.11021143088250887
2011-10-04,-0.05166219825665081
2011-10-05,-0.03453598764105444
2011-10-06,-0.010911191249711849
2011-10-07,-0.06923589620340422
2011-10-10,0.173945056294486
2011-10-11,0.023538264084637488
2011-10-12,-0.04013644006416058
2011-10-13,-0.05171080901700542
2011-10-14,-0.061768840882664114
2011-10-17,0.11554459223657323
2011-10-18,0.06553765182573662
2011-10-19,-0.04773598458931635
2011-10-20,-0.10517739131528436
2011-10-21,-0.06563525113807657
2011-10-24,0.17981101164725913
2011-10-25,0.021537836838533657
2011-10-26,-0.08320265557929704
2011-10-27,-0.0691777594335804
2011-10-28,-0.011235641572371904
2011-10-31,0.1619447816362727
2011-11-01,-0.03939553852002759
2011-11-02,-0.1454692199484879
2011-11-03,0.05215562508026472
2011-11-04,-0.00496904763927665
2011-11-07,0.11301139483357983
2011-11-08,0.04673813228688733
2011-11-09,-0.0972026660697147
2011-11-10,-0.12024446799832866
2011-11-11,-0.0017688981031339784
2011-11-14,0.13234490046413286
2011-11-15,0.02900470142445071
2011-11-16,0.04799720499350805
2011-11-17,-0.043577826762976835
2011-11-18,-0.09843571099982164
2011-11-21,0.10834439883140237
2011-11-22,0.036604675103029276
2011-11-23,-0.06640237119362566
2011-11-25,-0.0793110020406661
2011-11-28,-0.03590233239874742
2011-11-29,0.1110114921083998
2011-11-30,0.0358048761375948
2011-12-01,-0.060536511208233855
2011-12-02,-0.0825111515768101
2011-12-05,-0.03483526620613077
2011-12-06,0.2342115748873508
2011-12-07,0.09967110996327894
2011-12-08,-0.12906940725010416
2011-12-09,-0.07384437396603094
2011-12-12,-0.048035668465947215
2011-12-13,0.1344778407564813
2011-12-14,-0.005662003707090309
2011-12-15,-0.026402647759137886
2011-12-16,-0.07411075904446107
2011-12-19,-0.08563566121804257
2011-12-20,0.15194462428003067
2011-12-21,0.011938079644065507
2011-12-22,-0.04786964204473084
2011-12-23,-0.0743777878530244
2011-12-27,-0.052835249039972734
2011-12-28,0.1488781798830783
2011-12-29,0.041804274369081344
2011-12-30,-0.020269186760582168
2012-01-03,-0.0607776053198007
2012-01-04,-0.06883590135324548
2012-01-05,0.12554463038352662
2012-01-06,-0.0016619121543660145
2012-01-09,-0.04813566949531208
2012-01-10,-0.06557794883330981
2012-01-11,0.02236452188740566
2012-01-12,0.24861122260003812
2012-01-13,-0.22392872924729185
2012-01-17,-0.012536080147483385
2012-01-18,-0.0035777695425179834
2012-01-19,-0.06763541612376346
2012-01-20,0.1270110000124425
2012-01-23,0.0035382593162759865
2012-01-24,-0.04440267827673613
2012-01-25,-0.07117732837277913
2012-01-26,-0.05150248918285562
2012-01-27,0.16874443182854407
2012-01-30,0.04393788223341082
2012-01-31,-0.06906924989390248
2012-02-01,-0.08637777640900335
2012-02-02,-0.07910213384379507
2012-02-03,0.16341153273488554
2012-02-06,0.05607093219834585
2012-02-07,-0.05053580548929034
2012-02-08,-0.05491067245087333
2012-02-09,-0.015102361771977116
2012-02-10,0.08154443392661695
2012-02-13,-0.034062114905515646
2012-02-14,-0.0056028201834945265
2012-02-15,-0.055577576900326275
2012-02-16,-0.06470186624275177
2012-02-17,0.1902109969606949
2012-02-21,0.027138027001192437
2012-02-22,-0.04800284650492511
2012-02-23,-0.03637753799038379
2012-02-24,-0.08683545503366576
2012-02-27,0.1315444339266372
2012-02-28,0.02647140865402447
2012-02-29,-0.06626933362647766
2012-03-01,-0.02864424064238158
2012-03-02,-0.0516357651685634
2012-03-05,0.15047787318139785
2012-03-06,0.005004533577780794
2012-03-07,-0.06586931493445067
2012-03-08,-0.12611070945339675
2012-03-09,-0.06216905030957477
2012-03-12,0.20981138834863436
2012-03-13,0.07007115726550478
2012-03-14,-0.05320232656166853
2012-03-15,-0.08584476783355399
2012-03-16,-0.057102130982762525
2012-03-19,0.13834465632346762
2012-03-20,0.025671657372316296
2012-03-21,-0.007336266304719584
2012-03-22,-0.11664458587248439
2012-03-23,-0.18536865625130672
2012-03-26,0.21621125826746782
2012-03-27,0.09380448703844396
2012-03-28,-0.016536219383913996
2012-03-29,-0.06731082274993583
2012-03-30,-0.08190209779488601
2012-04-02,0.1283449042788001
2012-04-03,0.14233778362354704
2012-04-04,-0.06600302007364076
2012-04-05,-0.07277742698272338
2012-04-09,-0.10350224885692784
2012-04-10,0.0875446666231601
2012-04-11,0.02207153682784229
2012-04-12,-0.004802925850588356
2012-04-13,-0.018911278987738922
2012-04-16,-0.11016857537972426
2012-04-17,0.10914443621547545
2012-04-18,0.023537763405631455
2012-04-19,-0.0012023284690058852
2012-04-20,-0.022644055629563842
2012-04-23,-0.11496918115365075
2012-04-24,0.08887756953148565
2012-04-25,0.03980468158798416
2012-04-26,0.0003975555642168685
2012-04-27,-0.06277762725433
2012-04-30,-0.09816882524241612
2012-05-01,0.1751445163240777
2012-05-02,0.08660477047044085
2012-05-03,-0.06546939160990603
2012-05-04,-0.08664456679896759
2012-05-07,9.787168749562924e-05
2012-05-08,0.057678209637706895
2012-05-09,-0.0759287988655169
2012-05-10,0.08733045313192547
2012-05-11,0.02308908626951467
2012-05-14,-0.11883554372536688
2012-05-15,0.11394463667775614
2012-05-16,0.040471061516583244
2012-05-17,-0.045202214981752774
2012-05-18,-0.1578446276434199
2012-05-21,-0.10936889562357023
2012-05-22,0.21941107401753926
2012-05-23,0.08473809604725319
2012-05-24,-0.06573570516270164
2012-05-25,-0.11891137435516008
2012-05-29,0.019031382467880373
2012-05-30,0.17834421286493066
2012-05-31,0.024071463394980723
2012-06-01,-0.07773583676976778
2012-06-04,-0.10691098048764747
2012-06-05,-0.1049688569043722
2012-06-06,0.17287782320888392
2012-06-07,0.017671617317995318
2012-06-08,0.008797137473386875
2012-06-11,-0.08957790210323757
2012-06-12,-0.06736907872903898
2012-06-13,0.15847841391475528
2012-06-14,-0.022462383460213182
2012-06-15,-0.08240266587896936
2012-06-18,-0.03424393012601412
2012-06-19,-0.06256925973644435
2012-06-20,0.21461132655053874
2012-06-21,-0.027662054251819175
2012-06-22,0.02319771501855831
2012-06-25,-0.024911273265660783
2012-06-26,-0.12216932687509198
2012-06-27,0.15074499735743266
2012-06-28,0.030871328163960036
2012-06-29,-0.026669485832892602
2012-07-02,-0.10331069305021601
2012-07-03,-0.08803574952828543
2012-07-05,0.16354464182763853
2012-07-06,0.016604646492791524
2012-07-09,-0.023602993752223043
2012-07-10,-0.08491083457549353
2012-07-11,-0.12003528985726909
2012-07-12,0.11594470629602685
2012-07-13,0.07220452671131
2012-07-16,0.11546389314963126
2012-07-17,-0.07984448745328276
2012-07-18,-0.1347022763227136
2012-07-19,0.1602113593569117
2012-07-20,0.055671271134211935
2012-07-23,-0.03920253064794551
2012-07-24,-0.06571112945159097
2012-07-25,-0.10230207357157285
2012-07-26,0.1034112084856629
2012-07-27,0.10833783989031937
2012-07-30,-0.06186939027474222
2012-07-31,-0.05717762782653535
2012-08-01,-0.11296884927500107
2012-08-02,0.0810112584581715
2012-08-03,0.0019378269203375528
2012-08-06,-0.03146897103951437
2012-08-07,0.02935572788636287
2012-08-08,-0.09123608979928556
2012-08-09,0.10767825732137817
2012-08-10,0.03473807220535779
2012-08-13,0.05039738867120328
2012-08-14,-0.10517798736173611
2012-08-15,-0.11510226640451195
2012-08-16,0.18327799925712898
2012-08-17,0.048738321114367204
2012-08-20,-0.05413649823830099
2012-08-21,-0.11357756927092588
2012-08-22,-0.058435439202678144
2012-08-23,0.2256779778948317
2012-08-24,0.02993808631975619
2012-08-27,-0.09040284898444881
2012-08-28,-0.06184419467526203
2012-08-29,-0.07510223302591758
2012-08-30,0.14354466090112908
2012-08-31,0.041537603188378895
2012-09-04,-0.047869189049447335
2012-09-05,-0.10077740027981952
2012-09-06,-0.052436088654855065
2012-09-07,0.2216782201281158
2012-09-10,-0.034194937895950135
2012-09-11,-0.08013621118232891
2012-09-12,-0.08904463126739459
2012-09-13,-0.08563566121802459
2012-09-14,0.1440782655229871
2012-09-17,0.1311378324516414
2012-09-18,-0.030002768303593684
2012-09-19,-0.07144423797209465
2012-09-20,-0.06403548631419799
2012-09-21,0.14261108527093572
2012-09-24,0.11273799781878607
2012-09-25,-0.11733582761452618
2012-09-26,-0.1425109989889447
2012-09-27,-0.06683585557686479
2012-09-28,0.17354465613273787
2012-10-01,0.022738035965738472
2012-10-02,-0.008935625817039626
2012-10-03,-0.06411138846954001
2012-10-04,-0.0663022509549961
2012-10-05,0.13501142153649284
2012-10-08,0.05167148952560912
2012-10-09,-0.054802854325030924
2012-10-10,-0.06317802741605438
2012-10-11,-0.050568842027052155
2012-10-12,0.1244782317629434
2012-10-15,-0.02112871761243868
2012-10-16,-0.030935652519900013
2012-10-17,-0.008644641185563962
2012-10-18,-0.0752358427976413
2012-10-19,0.11661106238276567
2012-10-22,0.02327166442951139
2012-10-23,0.003997604583060345
2012-10-24,-0.08291124179441944
2012-10-25,-0.0876352778409545
2012-10-26,0.10781105646996839
2012-10-31,0.018471010971860373
2012-11-01,-0.02213576581641826
2012-11-02,-0.12144440486508878
2012-11-05,-0.002569173905719549
2012-11-06,0.16287830958275998
2012-11-07,0.050871738243886515
2012-11-08,-0.02093628194495297
2012-11-09,-0.12011119201258824
2012-11-12,-0.07563569459663867
2012-11-13,0.18314441332726042
2012-11-14,0.0282046640404136
2012-11-15,-0.096002466942497
2012-11-16,-0.07357755973416069
2012-11-19,-0.023768781754848103
2012-11-20,0.18034447321804195
2012-11-21,0.019938119698371164
2012-11-23,-0.0546692683951386
2012-11-26,-0.07544447257598164
2012-11-27,-0.10736911210762891
2012-11-28,0.15834439883142484
2012-11-29,0.038338073540536914
2012-11-30,-0.03853562619848235
2012-12-03,-0.018644345546564023
2012-12-04,-0.07710230264412145
2012-12-05,0.12181104311853289
2012-12-06,0.015804609108760186
2012-12-07,-0.04680255201023217
2012-12-10,-0.06784421279506259
2012-12-11,-0.024302505586019443
2012-12-12,0.1954114306917614
2012-12-13,-0.03166166896740414
2012-12-14,-0.07133610990212833
2012-12-17,-0.05037795379238352
2012-12-18,-0.056302045915015544
2012-12-19,0.15874446520715238
2012-12-20,0.029004415322160852
2012-12-21,-0.048535473610592704
2012-12-24,-0.044644606853316504
2012-12-26,-0.08216931733834411
2012-12-27,0.1424781192293816
2012-12-28,-0.022594848822754372
2012-12-31,-0.05720275190040033
2013-01-02,0.005621945118139293
2013-01-03,-0.056301998231280806
2013-01-04,0.1378112662783129
2013-01-07,0.0374045217521865
2013-01-08,-0.05226949002905231
2013-01-09,-0.06211062743743734
2013-01-10,-0.06270248803841762
2013-01-11,0.10927804598717386
2013-01-14,0.007137903023558927
2013-01-15,-0.02373588826820102
2013-01-16,-0.05891114547328835
2013-01-17,-0.07363541040169487
2013-01-18,0.12394436488061536
2013-01-22,0.010737975884295085
2013-01-23,-0.03213575627964357
2013-01-24,-0.03997751548366513
2013-01-25,-0.08510248574958247
2013-01-28,0.18087776789575963
2013-01-29,0.04927142505725806
2013-01-30,-0.05920284536047712
2013-01-31,-0.08304392173367525
2013-02-01,-0.040435861680381394
2013-02-04,0.11647804865747483
2013-02-05,-0.0031284963599834195
2013-02-06,-0.008536322380741944
2013-02-07,-0.023977578426167434
2013-02-08,-0.04443547639594771
2013-02-11,0.12674440035732906
2013-02-12,-0.011795107077733853
2013-02-13,-0.007335980202369773
2013-02-14,-0.05784460380153089
2013-02-15,-0.1561691037152798
2013-02-19,0.25327833781154263
2013-02-20,0.11340454464041566
2013-02-21,-0.13866914060276556
2013-02-22,-0.0377112992055878
2013-02-25,-0.11483538064703604
2013-02-26,0.10914438853175981
2013-02-27,0.05393799190602049
2013-02-28,-0.042269165779782424
2013-03-01,-0.11091100051480052
2013-03-04,-0.09110224160897275
2013-03-05,0.15114420542627907
2013-03-06,0.05020483379446066
2013-03-07,-0.022935850884167018
2013-03-08,-0.06691099479275187
2013-03-11,-0.04976880464302548
2013-03-12,0.18621109614281875
2013-03-13,0.09993794803701456
2013-03-14,-0.05160249021215032
2013-03-15,-0.1287774689443687
2013-03-18,-0.10536944780099912
2013-03-19,0.11741136202723815
2013-03-20,0.03833826427539238
2013-03-21,-0.051602490212155204
2013-03-22,-0.07504473998625383
2013-03-25,-0.051502155396819696
2013-03-26,0.16167796740442023
2013-03-27,-0.03512884731213701
2013-03-28,-0.20613601949377622
2013-04-01,0.12628925964755566
2013-04-02,0.09463098135244806
2013-04-03,0.048477827405025514
2013-04-04,0.01780489330369777
2013-04-05,-0.03586953427954317
2013-04-08,-0.042377627635774684
2013-04-09,-0.15976898584113564
2013-04-10,0.11541150698571381
2013-04-11,0.09180434589467018
2013-04-12,-0.02760246541664909
2013-04-15,-0.13251077010707812
2013-04-16,-0.03256919297922746
2013-04-17,0.11994455943016205
2013-04-18,0.010071119118539577
2013-04-19,-0.067068989540751
2013-04-22,-0.0031778462179233857
2013-04-23,-0.02323548707710245
2013-04-24,0.10941127428919376
2013-04-25,0.03140481357656515
2013-04-26,-0.12386968877475987
2013-04-29,0.06042264625949956
2013-04-30,-0.03870241555915545
2013-05-01,0.08554466853051415
2013-05-02,-0.03926240558545253
2013-05-03,-0.09240239408178438
2013-05-06,0.17708920166414932
2013-05-07,-0.30043551835763005
2013-05-08,-0.36165577282995454
2013-05-09,0.049005111504388736
2013-05-10,0.10773050043421153
2013-05-13,0.4293553702585172
2013-05-14,-0.18696901712164016
2013-05-15,-0.0605884682187465
2013-05-16,0.28553813343127626
2013-05-17,0.11533066484766866
2013-05-20,-0.047711146617706146
2013-05-21,-0.21843578729378488
2013-05-22,-0.09992200245945157
2013-05-23,-0.12512842769541993
2013-05-24,-0.12453578260105666
2013-05-28,0.4956218116037422
2013-05-29,0.04089772787345357
2013-05-30,0.3383449424257847
2013-05-31,-0.05379578227917598
2013-06-03,-0.33720238950416
2013-06-04,-0.11291061713773332
2013-06-05,-0.1423026314710235
2013-06-06,0.10647762904078831
2013-06-07,0.30473845844346553
2013-06-10,0.0783974334938913
2013-06-11,-0.3317111618764851
2013-06-12,-0.09883568200813787
2013-06-13,0.11874436030298521
2013-06-14,0.021805032540177897
2013-06-17,-0.006402905251207756
2013-06-18,0.012955700611290477
2013-06-19,0.10129783239615918
2013-06-20,0.058344637250024284
2013-06-21,-0.12112862224497817
2013-06-24,-0.06786950376196008
2013-06-25,-0.14891077354032867
2013-06-26,-0.03936884317145285
2013-06-27,0.20301102290065656
2013-06-28,-0.24792896861949504
2013-07-01,0.21759726259546677
2013-07-02,0.08868955299778836
2013-07-03,-0.28096878442513484
2013-07-05,0.17501095423608518
2013-07-08,0.09767144565660829
2013-07-09,0.01986395571069547
2013-07-10,-0.21664453818874752
2013-07-11,-0.07696907434213664
2013-07-12,0.6172779906740784
2013-07-15,0.34887145404895187
2013-07-16,-0.8396026923911108
2013-07-17,0.016289555286583268
2013-07-18,-0.008302806947118171
2013-07-19,0.06874474177272652
2013-07-22,0.11340459232411398
2013-07-23,0.004664389823254601
2013-07-24,-0.22117811515408559
2013-07-25,-0.23336937341437702
2013-07-26,0.21754511485009956
2013-07-29,0.2791379297264524
2013-07-30,-0.1281356170432257
2013-07-31,-0.100644744182386
2013-08-01,-0.157768749329931
2013-08-02,0.08301104197413259
2013-08-05,0.40967114811023614
2013-08-06,-0.06026871946019693
2013-08-07,-0.8153113014944272
2013-08-08,0.4243647345567977
2013-08-09,0.5648780692568165
2013-08-12,0.002470907021393458
2013-08-13,-0.0056029632346010425
2013-08-14,-0.29064413383082777
2013-08-15,-0.24456932458627156
2013-08-16,0.07167853007227179
2013-08-19,0.032337888527722285
2013-08-20,0.04973074648219548
2013-08-21,-0.3565111763723633
2013-08-22,-0.005768894288401896
2013-08-23,0.29407805094628525
2013-08-26,0.0855378473289769
2013-08-27,0.08986365053491421
2013-08-28,-0.06997743918971377
2013-08-29,-0.1665686837171224
2013-08-30,0.1975448478213009
2013-09-03,0.027804311562370003
2013-09-04,0.0654642746194121
2013-09-05,0.10308889076632066
2013-09-06,-0.06763565454230282
2013-09-09,-0.17472211232276266
2013-09-10,0.15060494785388528
2013-09-11,-0.08253625180884502
2013-09-12,-0.09397817924099539
2013-09-13,-0.05910179528941363
2013-09-16,0.19047812113671994
2013-09-17,-0.12539545650403588
2013-09-18,-0.4262692764060087
2013-09-19,0.1329553000680671
2013-09-20,0.275297809507966
2013-09-23,0.08594530711083784
2013-09-24,-0.09499594325938993
2013-09-25,-0.0633364990012488
2013-09-26,-0.027177298808863992
2013-09-27,-0.026434825990066316
2013-09-30,0.4116773475161226
2013-10-01,0.4720715845116083
2013-10-02,-0.2612031295554011
2013-10-03,-0.660244429851364
2013-10-04,0.08703105535757182
2013-10-07,0.6048782218447064
2013-10-08,-0.06539503688732778
2013-10-09,-0.49386971738502256
2013-10-10,-0.19957701041779263
2013-10-11,0.054630733397119755
2013-10-14,0.14181078562646568
2013-10-15,0.17220471744617932
2013-10-16,0.021997134421608812
2013-10-17,0.03922265694061433
2013-10-18,0.23689811315789322
2013-10-21,-0.012722028399383384
2013-10-22,-0.07406241054455648
2013-10-23,-0.42240231778784393
2013-10-24,0.2570886008493377
2013-10-25,0.11103122320424973
2013-10-28,-0.05565568318455846
2013-10-29,0.10847161655504473
2013-10-30,-0.20386918332737555
2013-10-31,-0.3474440224416978
2013-11-01,-0.3709695092176132
2013-11-04,0.8214116919985246
2013-11-05,1.0783374155052525
2013-11-06,-0.37093575742408363
2013-11-07,-0.7506443627126825
2013-11-08,-0.3595023385023245
2013-11-11,0.4728776801577359
2013-11-12,-0.07752806301033593
2013-11-13,-0.0464024856345144
2013-11-14,0.16148866341035084
2013-11-15,0.16663081732048057
2013-11-18,-0.30725537648293955
2013-11-19,0.0807380044945078
2013-11-20,-0.1258691146628745
2013-11-21,-0.07704416587429475
2013-11-22,-0.05816891107309509
2013-11-25,0.04434431681546072
2013-11-26,-0.16672922725597977
2013-11-27,0.16319815370873772
2013-11-29,-0.15931097343045775
2013-12-02,-0.6203025094007005
2013-12-03,0.7840780127992977
2013-12-04,0.14700482730949965
2013-12-05,-0.04560311582249273
2013-12-06,-0.24717737510280113
2013-12-09,0.01849753942742481
2013-12-10,0.1808776725283421
2013-12-11,-0.2449947988502184
2013-12-12,0.12959715578395328
2013-12-13,-0.022377837444150228
2013-12-16,-0.12176830682503827
2013-12-17,0.4858110297670697
2013-12-18,0.12660420780260367
2013-12-19,-0.361068852211682
2013-12-20,-0.20611139609890305
2013-12-23,-0.2933690300916366
2013-12-24,0.3082113135805775
2013-12-26,0.3388713205345277
2013-12-27,-0.10706933286351547
2013-12-30,-0.02864424064237181
2013-12-31,-0.09110195550666823
2014-01-02,0.15807798991114466
2014-01-03,0.043804677773317806
2014-01-06,-0.2004023864523958
2014-01-07,-0.03584486320095526
2014-01-08,0.1356974371934866
2014-01-09,0.20407770762353564
2014-01-10,-0.19472796077650784
2014-01-13,-0.8536027267233912
2014-01-14,0.2688220374337805
2014-01-15,0.12796485510123057
2014-01-16,0.3023443091860356
2014-01-17,-0.1115292226783427
2014-01-21,0.03933130953147138
2014-01-22,0.08922227547092898
2014-01-23,0.2827645072008641
2014-01-24,0.01634482035546994
2014-01-27,-0.3905958806983601
2014-01-28,0.11333090517358183
2014-01-29,-0.21451078727323225
2014-01-30,0.18529746618521636
2014-01-31,0.3015447486391407
2014-02-03,-0.09366213436046983
2014-02-04,0.011596934531448645
2014-02-05,-0.3710440285451836
2014-02-06,-0.374035381410018
2014-02-07,0.14701117167386804
2014-02-10,0.41767152195058416
2014-02-11,0.07613054964379631
2014-02-12,-0.1935782082327241
2014-02-13,-0.009101604554509493
2014-02-14,0.15354441294582258
2014-02-18,0.20353787784656036
2014-02-19,-0.6622693374411863
2014-02-20,0.14042237923067435
2014-02-21,-0.48256885919320125
2014-02-24,-0.5211218010434555
2014-02-25,0.8152707422264222
2014-02-26,0.6169306442482867
2014-02-27,0.1204224936715742
2014-02-28,-0.4937684288953511
2014-03-03,0.11034506449607398
2014-03-04,0.2710034692772216
2014-03-05,0.04479738924340463
2014-03-06,0.19268964455047832
2014-03-07,0.008764148619298737
2014-03-10,-0.11738854756445335
2014-03-11,-0.33006235713879334
2014-03-12,0.2829304382546561
2014-03-13,0.07402261421600531
2014-03-14,-0.463369106385605
2014-03-17,0.028878389691407796
2014-03-18,0.3519376123436097
2014-03-19,0.037464015219967485
2014-03-20,0.13255628273407172
2014-03-21,-0.01510307702771442
2014-03-24,-0.07512170186130881
2014-03-25,0.19140485172349003
2014-03-26,-0.14920266416237557
2014-03-27,-0.39597803428252665
2014-03-28,-0.02070228967416078
2014-03-31,-0.29685555806251873
2014-04-01,-0.08926149959484803
2014-04-02,0.7383972809059838
2014-04-03,0.397755181049522
2014-04-04,-0.4677685967420301
2014-04-07,-0.3873884331235322
2014-04-08,0.30540459995347263
2014-04-09,0.4538637802345971
2014-04-10,-0.2967774040945398
2014-04-11,-0.04443600091683443
2014-04-14,0.030078302716268573
2014-04-15,-0.28699576015395173
2014-04-16,-0.010535748268841481
2014-04-17,-0.3775774605520593
2014-04-21,-0.1556361428236125
2014-04-22,0.8946115363588687
2014-04-23,0.04220498447493675
2014-04-24,0.04959723207787906
2014-04-25,-0.3551783211477205
2014-04-28,-0.45083534631476374
2014-04-29,0.3278118003359589
2014-04-30,0.12567075138169564
2014-05-01,-0.18853581693333152
2014-05-02,-0.008377707744422591
2014-05-05,0.4511645087266979
2014-05-06,0.4339450705996297
2014-05-07,0.3012708032615962
2014-05-08,-0.8524026229636252
2014-05-09,-0.4065104134328995
2014-05-12,-0.11043617639288662
2014-05-13,0.33847750315576075
2014-05-14,0.12580483799060155
2014-05-15,-0.22400239255590823
2014-05-16,-0.12157770469262463
2014-05-19,0.05503108587517978
2014-05-20,0.0014114249697270431
2014-05-21,-0.05112845058361721
2014-05-22,0.04239718172387267
2014-05-23,-0.022511351848445327
2014-05-27,0.10996463384879128
2014-05-28,0.19967802653222846
2014-05-29,0.11500466709218465
2014-05-30,-0.02360318448708295
2014-06-02,-0.17197767570094602
2014-06-03,-0.11910145196663947
2014-06-04,0.028477465008809794
2014-06-05,0.09500440006335581
2014-06-06,0.15266443941430377
2014-06-09,-0.0714445717580966
2014-06-10,-0.2347022286389825
2014-06-11,0.14954470286279345
2014-06-12,-0.290462175559201
2014-06-13,-0.550935871865013
2014-06-16,0.3326890341989762
2014-06-17,0.47209804144156153
2014-06-18,0.0760774482241198
2014-06-19,-0.16672865505139206
2014-06-20,-0.12000268247288123
2014-06-23,0.23135560676971945
2014-06-24,-0.19510242852914017
2014-06-25,0.1875451911440438
2014-06-26,-0.055661836814085604
2014-06-27,0.016530482505121603
2014-06-30,0.15562223122042151
2014-07-01,0.2099642523790427
2014-07-02,-0.04112206807226301
2014-07-03,0.10740445499497547
2014-07-07,-0.17200272824926974
2014-07-08,-0.30544439628202025
2014-07-09,0.10116508093130015
2014-07-10,0.02354467997461021
2014-07-11,-0.19126230831068752
2014-07-14,0.39653021547631623
2014-07-15,-0.05104376151639489
2014-07-16,-0.24523575219859295
2014-07-17,-0.06418916096777225
2014-07-18,0.12447141056140126
2014-07-21,0.02586428377465392
2014-07-22,-0.1737110741384652
2014-07-23,-0.03470203790413841
2014-07-24,0.19447802195457078
2014-07-25,0.004737981606344803
2014-07-28,-0.059869511391360285
2014-07-29,-0.07104460074977414
2014-07-30,0.05263106909048908
2014-07-31,-0.2884548317441391
2014-08-01,0.07713807468493855
2014-08-04,0.09813029024440215
2014-08-05,-0.31877790763456215
2014-08-06,0.17143104162471035
2014-08-07,0.34101160654929874
2014-08-08,-0.3485956823341037
2014-08-11,0.18346392366723488
2014-08-12,0.07922300026340945
2014-08-13,-0.09016888055550666
2014-08-14,0.18914450297269617
2014-08-15,0.1544713342674588
2014-08-18,0.015597026084245548
2014-08-19,-0.12957788779811186
2014-08-20,-0.13750240716681417
2014-08-21,-0.04738885274023283
2014-08-22,-0.0704607641211939
2014-08-25,0.15146319124535704
2014-08-26,-0.056511176372312844
2014-08-27,-0.13576939019906276
2014-08-28,-0.16645432820406023
2014-08-29,-0.1557959234229716
2014-09-02,0.4394644424660879
2014-09-03,0.03668950722137676
2014-09-04,0.18689677801378524
2014-09-05,-0.09832192769140044
2014-09-08,0.09820493106921518
2014-09-09,-0.1296029403464569
2014-09-10,-0.006110633159442824
2014-09-11,0.3102305182482036
2014-09-12,0.6890109885683637
2014-09-15,-0.8567286169044376
2014-09-16,-0.2404015853659711
2014-09-17,0.04028867409149395
2014-09-18,0.24636371221790954
2014-09-19,0.3003448356142586
2014-09-22,-0.3151285802833253
2014-09-23,-0.1270692184226316
2014-09-24,0.1308225028268647
2014-09-25,-0.15923626336802654
2014-09-26,0.1367446769228531
2014-09-29,0.08673871402815764
2014-09-30,-0.20706952359839012
2014-10-01,-0.5115774758108477
2014-10-02,0.021297717955224157
2014-10-03,0.26501120219138574
2014-10-06,0.25247090702136504
2014-10-07,0.04573046419456798
2014-10-08,0.24335588142792186
2014-10-09,0.5647650488878243
2014-10-10,-0.12552243580909114
2014-10-13,-0.6717951452247405
2014-10-14,-0.16053612973850304
2014-10-15,0.1141551367990149
2014-10-16,-0.19523517999400808
2014-10-17,-0.014055646563490648
2014-10-20,0.04727166538318322
2014-10-21,0.19053045961692308
2014-10-22,-0.22264429404814312
2014-10-23,0.16636436071644434
2014-10-24,0.28021124491602567
2014-10-27,-0.8371288930885118
2014-10-28,0.46239802095727184
2014-10-29,0.03788846657199041
2014-10-30,-0.21136829766976872
2014-10-31,0.25874403605370144
2014-11-03,0.2938044870384641
2014-11-04,-0.04653542783423777
2014-11-05,-0.5842444069631495
2014-11-06,0.10023086157095783
2014-11-07,0.08647707590966383
2014-11-10,-0.15926081294934874
2014-11-11,0.24879709932642238
2014-11-12,-0.15664469077665732
2014-11-13,-0.15163471612679713
2014-11-14,0.44167746195704627
2014-11-17,0.027137121010642744
2014-11-18,0.2527975723488805
2014-11-19,-0.22624384238797834
2014-11-20,-0.07243511590708053
2014-11-21,-0.1233890663632797
2014-11-24,0.010604223061388467
2014-11-25,0.09559733126001116
2014-11-26,0.2404233329049762
2014-11-28,0.1752966650988158
2014-12-01,-0.2165886055478667
2014-12-02,-0.08112837428965342
2014-12-03,-0.007869274880125197
2014-12-04,0.1274892203561836
2014-12-05,0.009030605223299445
2014-12-08,-0.13858872761818916
2014-12-09,0.16940492038806249
2014-12-10,-0.14000275876682086
2014-12-11,-0.09344469382842935
2014-12-12,0.02796466436636301
2014-12-15,0.10047835001855801
2014-12-16,-0.5592621480933889
2014-12-17,-0.2513366058127619
2014-12-18,0.3034892432443622
2014-12-19,0.055697894957185454
2014-12-22,0.2734115470400509
2014-12-23,-0.08206240291517403
2014-12-24,-0.14386914518042102
2014-12-26,0.2046889655343963
2014-12-29,0.03716399755729803
2014-12-30,0.06074465403467058
2014-12-31,0.18980477695546732
2015-01-02,0.11333147737816066
2015-01-05,-0.3779780037649251
2015-01-06,-0.1491025200818884
2015-01-07,0.21381090769677072
2015-01-08,0.17753804569322335
2015-01-09,-0.05493596341775305
2015-01-12,-0.13517729117950072
2015-01-13,0.24316451635610414
2015-01-14,-0.13005563130470407
2015-01-15,-0.16699530239023758
2015-01-16,-0.04680264737767811
2015-01-20,-0.2689112313039904
2015-01-21,-0.09283535394419808
2015-01-22,0.2803441871157437
2015-01-23,-0.04832865352553057
2015-01-26,0.202797763083737
2015-01-27,0.09002240822236363
2015-01-28,-0.38910248193488306
2015-01-29,0.15727823862938187
2015-01-30,-0.23379580135266514
2015-02-02,-0.06240227964087094
2015-02-03,0.19468873665253905
2015-02-04,0.016230655577296957
2015-02-05,0.3079448569765768
2015-02-06,-0.025794855307737237
2015-02-09,-0.003336270119362404
2015-02-10,0.13175538704317258
2015-02-11,0.07263152685415385
2015-02-12,-0.1973888527402385
2015-02-13,-0.09966169948498155
2015-02-17,-0.10866978910134326
2015-02-18,-0.31811109855252806
2015-02-19,0.10996463384880549
2015-02-20,0.6894111503115274
2015-02-23,-0.07192827815929653
2015-02-24,-0.28920281675025267
2015-02-25,-0.15597807242949646
2015-02-26,0.19849822607289747
2015-02-27,0.21874464640525296
2015-03-02,-0.2836626684180888
2015-03-03,-0.10973580625219267
2015-03-04,0.18135617897435796
2015-03-05,0.13903071966422276
2015-03-06,0.028477846478511842
2015-03-09,-0.1748619710914368
2015-03-10,-0.1469361617819853
2015-03-11,0.12335599586883805
2015-03-12,-0.1265691033338362
2015-03-13,-0.1284555565366334
2015-03-16,0.12727158908924324
2015-03-17,-0.06066907193826051
2015-03-18,0.18562234566130786
2015-03-19,-0.21176922235239692
2015-03-20,0.07327746043114039
2015-03-23,0.14273866062240764
2015-03-24,0.28973070833519904
2015-03-25,-0.057578147197553275
2015-03-26,-0.2037686577771899
2015-03-27,-0.17552243580911672
2015-03-30,0.1659383142479151
2015-03-31,-0.024135334755623426
2015-04-01,-0.37117811515410015
2015-04-02,-0.3205695382093309
2015-04-06,0.4503446448793804
2015-04-07,0.04100488071518143
2015-04-08,0.008131282065672742
2015-04-09,0.05335496590057598
2015-04-10,0.043564678099270324
2015-04-13,0.1830114234438485
2015-04-14,-0.04579550380628412
2015-04-15,-0.028535969521262992
2015-04-16,-0.07077795341093751
2015-04-17,-0.09843532953011604
2015-04-20,-0.1383218895444118
2015-04-21,-0.1403284704200501
2015-04-22,0.3109301254494455
2015-04-23,-0.12251154258329333
2015-04-24,-0.4224351159070642
2015-04-27,0.49501207957176074
2015-04-28,0.20500386600574644
2015-04-29,0.17279745790793657
2015-04-30,-0.2670446999318853
2015-05-01,-0.3089682808851043
2015-05-04,0.23287790903955233
2015-05-05,0.13287080173572513
2015-05-06,-0.23840230252906378
2015-05-07,0.03948911354463991
2015-05-08,-0.13803551110971546
2015-05-11,0.10021093974023379
2015-05-12,0.23353818302236434
2015-05-13,-0.09573567655248458
2015-05-14,-0.18491121604520988
2015-05-15,0.091430927183754
2015-05-18,0.2860771049013744
2015-05-19,0.03913815860825636
2015-05-20,-0.1942681625144029
2015-05-21,-0.11944490745144709
2015-05-22,0.009697605040197885
2015-05-26,0.11327856669337513
2015-05-27,-0.07712885494152771
2015-05-28,0.10573031160669014
2015-05-29,0.02348874733369566
2015-06-01,-0.09496929559460256
2015-06-02,0.12167891154199587
2015-06-03,0.06713765506821873
2015-06-04,-0.29093602445287375
2015-06-05,-0.20531145408233276
2015-06-08,0.24089801397575472
2015-06-09,0.3646118033876826
2015-06-10,-0.12872950191418325
2015-06-11,-0.0648019149558525
2015-06-12,-0.10144373252471983
2015-06-15,-0.2592362633680386
2015-06-16,-5.570759862558172e-05
2015-06-17,0.20900433902818322
2015-06-18,0.11999766084983146
2015-06-19,-0.05971018149931073
2015-06-22,-0.31217014703501944
2015-06-23,0.33741224894430477
2015-06-24,-0.009662119101701734
2015-06-25,0.1397299453957306
2015-06-26,-0.008511222148739006
2015-06-29,-0.40723507318249885
2015-06-30,0.07527884135155197
2015-07-01,-0.15312945003428907
2015-07-02,0.43119646761253533
2015-07-06,0.5614896170846658
2015-07-07,-0.08576862725961178
2015-07-08,-0.4525890480527428
2015-07-09,-0.14046122188487714
2015-07-10,-0.09093602445289936
2015-07-13,-0.026378119731733318
2015-07-14,0.08183009710565102
2015-07-15,-0.07605477681250059
2015-07-16,-0.22739473934095883
2015-07-17,0.2274641678078542
2015-07-20,0.6440221183053775
2015-07-21,-0.4032361260388774
2015-07-22,0.009677873944327536
2015-07-23,0.23567174320298862
2015-07-24,0.08013102266625263
2015-07-27,-0.7195784218557347
2015-07-28,0.06556499090444078
2015-07-29,0.20527762064843194
2015-07-30,0.19087079410629898
2015-07-31,0.06653124544458147
2015-08-03,-0.45531145408232565
2015-08-04,0.23183162298452886
2015-08-05,1.0199447501650392
2015-08-06,-0.4480623876563857
2015-08-07,-0.3661359145896074
2015-08-10,-0.058377707744435736
2015-08-11,-0.26910221490610076
2015-08-12,-0.008055127764641207
2015-08-13,-0.022728220175910537
2015-08-14,-0.3536031081931252
2015-08-17,0.18095525429171555
2015-08-18,0.5596976050402057
2015-08-19,0.5763448585024422
2015-08-20,0.0672705972679421
2015-08-21,-0.2130685165183088
2015-08-24,-0.6279776222952177
2015-08-25,-0.5691022149061032
2015-08-26,-0.26832200398535644
2015-08-27,0.4198047006614975
2015-08-28,0.475596682761454
2015-08-31,0.18255590126435262
2015-09-01,-0.5548352471326391
2015-09-02,0.35274466166405194
2015-09-03,0.1039368951805632
2015-09-04,-0.3380013778464441
2015-09-08,0.040422188495805034
2015-09-09,0.019830966856619767
2015-09-10,0.05727728495510312
2015-09-11,-0.01672846431652559
2015-09-14,-0.060135777260496646
2015-09-15,-0.24304415061551599
2015-09-16,0.18956477728140742
2015-09-17,0.24701079020408748
2015-09-18,-0.0672621404639922
2015-09-21,0.12506396028832792
2015-09-22,-0.13331056907254724
2015-09-23,-0.0835023156141338
2015-09-24,0.48034399638086445
2015-09-25,0.13753789310534942
2015-09-28,-0.3212018325583496
2015-09-29,-0.1570446617849638
2015-09-30,0.07649734106312721
2015-10-01,-0.24485551228613198
2015-10-02,0.21767190342028514
2015-10-05,0.27999712679222283
2015-10-06,0.11575597450655362
2015-10-07,-0.16683609399546795
2015-10-08,0.10767801890282505
2015-10-09,-0.11752802486342367
2015-10-12,-0.31933644559546254
2015-10-13,-0.0295776970632603
2015-10-14,-0.2795020333265251
2015-10-15,0.06514433512594223
2015-10-16,0.408737882424196
2015-10-19,0.5097311660988595
2015-10-20,-0.39411131217555184
2015-10-21,-0.35883591088998
2015-10-22,0.13727835307030303
2015-10-23,-0.12166220302503589
2015-10-26,0.18919779512721216
2015-10-27,-0.16397844626983915
2015-10-28,0.0311644324327721
2015-10-29,0.17834528574852107
2015-10-30,-0.22766272182384945
2015-11-02,-0.08146889951392386
2015-11-03,-0.73971086814481
2015-11-04,0.46556441869986764
2015-11-05,0.5372773993959798
2015-11-06,0.3486050928123789
2015-11-09,-0.014935810829841821
2015-11-10,-0.3795778877981296
2015-11-11,0.12036426153436196
2015-11-12,0.07421148905665567
2015-11-13,-0.3951285039893711
2015-11-16,-0.009203465248770436
2015-11-17,-0.17504373862821698
2015-11-18,0.11769778814565811
2015-11-19,0.3367446769228417
2015-11-20,0.04140389804919458
2015-11-23,-0.28573525693579954
2015-11-24,-0.4102442391165032
2015-11-25,0.20476367559682396
2015-11-27,0.293144975995113
2015-11-30,-0.09939505214613603
2015-12-01,0.25946413729027645
2015-12-02,-0.09784494712431002
2015-12-03,-0.06910240564097826
2015-12-04,0.1314119208803808
2015-12-07,0.16167100315172583
2015-12-08,-0.11933587339088267
2015-12-09,-0.11491075828153019
2015-12-10,0.21476390447865812
2015-12-11,-0.16392155995460642
2015-12-14,-0.3124622976295213
2015-12-15,-0.29160264280005416
2015-12-16,0.3968222968332088
2015-12-17,0.12809741583120393
2015-12-18,0.030878435467767168
2015-12-21,0.11567128543933841
2015-12-22,-0.08293584134742812
2015-12-23,-0.10651155784208666
2015-12-24,-0.11790230188117569
2015-12-28,-0.11818868031590399
2015-12-29,0.17433789615710332
2015-12-30,0.26759764406517844
2015-12-31,0.44215615913789097
2016-01-04,-0.4301692238782687
2016-01-05,0.08661097178367697
2016-01-06,0.061404737282563175
2016-01-07,-0.019335682656041762
2016-01-08,-0.17691122367461187
2016-01-11,-0.1448357811902904
2016-01-12,0.33901156077293226
2016-01-13,-0.3441952383033516
2016-01-14,0.02666346285180058
2016-01-15,0.07055600807587925
2016-01-19,0.04943091955434241
2016-01-20,-0.0872551094540954
2016-01-21,-0.0071287786475909345
2016-01-22,0.25146376344995863
2016-01-25,-0.045177710796196036
2016-01-26,-0.10390198144664232
2016-01-27,-0.10232201924416004
2016-01-28,-0.12046209926527168
2016-01-29,0.061064402793199725
2016-02-01,0.611221634601767
2016-02-02,-0.14883568200817499
2016-02-03,-0.17125531544774383
2016-02-04,0.4854050958641431
2016-02-05,0.03493067476586912
2016-02-08,-0.568644393230283
2016-02-09,-0.22750236901986887
2016-02-10,-0.16245519032569697
2016-02-11,0.07580426578602201
2016-02-12,-0.2208028152243848
2016-02-16,-0.2805101998098377
2016-02-17,0.3976971396471226
2016-02-18,0.13061140665918017
2016-02-19,-0.2952618276588111
2016-02-22,0.2489302322609728
2016-02-23,-0.08891073539335193
2016-02-24,-0.2940352669690919
2016-02-25,0.29501093516258425
2016-02-26,0.24780457859118038
2016-02-29,0.16706396791773062
2016-03-01,-0.3427775032766559
2016-03-02,-0.3604356041883202
2016-03-03,0.17101076731592627
2016-03-04,0.18833840732652946
2016-03-07,0.13773047182394474
2016-03-08,-0.19451090171418006
2016-03-09,0.1196980246569067
2016-03-10,-0.031521810198756633
2016-03-11,-0.2060623800269588
2016-03-14,0.06559740755395718
2016-03-15,-0.03144441917021912
2016-03-16,-0.13630249414195517
2016-03-17,0.06767824778468515
2016-03-18,0.16033795719225424
2016-03-21,0.46146361086205095
2016-03-22,0.1441558234445387
2016-03-23,-0.6077687493299267
2016-03-24,0.06234453806786447
2016-03-28,0.20833810215075282
2016-03-29,0.041597239707256185
2016-03-30,-0.332643950725359
2016-03-31,-0.37136890802133016
2016-04-01,0.028343950604505813
2016-04-04,0.021937497902715535
2016-04-05,0.1593310043557228
2016-04-06,0.6292230002633995
2016-04-07,0.03449809637318012
2016-04-08,-0.12258912434670585
2016-04-11,-0.10672899837412714
2016-04-12,-0.23773549344704567
2016-04-13,0.1233552329293931
2016-04-14,-0.11510212335335325
2016-04-15,0.28381117472558604
2016-04-18,0.18327115421374857
2016-04-19,-0.265336354042736
2016-04-20,-0.10891100242214524
2016-04-21,-0.20110180291877866
2016-04-22,0.29421194682031615
2016-04-25,0.026204046059482948
2016-04-26,0.0997305557473123
2016-04-27,0.09455617592259269
2016-04-28,-0.030169414613130954
2016-04-29,0.008344446515139686
2016-05-02,0.3438054407127759
2016-05-03,0.13199717256860669
2016-05-04,-0.20131174399932317
2016-05-05,-0.5059020272229701
2016-05-06,0.25207785258203597
2016-05-09,-0.08659521694102096
2016-05-10,-0.10746911313696292
2016-05-11,-0.018911231303976206
2016-05-12,-0.13016846093879642
2016-05-13,0.1618112433901571
2016-05-16,0.05833752994615587
2016-05-17,-0.3516024902121461
2016-05-18,-0.11357752158719603
2016-05-19,0.042364002134968146
2016-05-20,0.4199445594301645
2016-05-23,-0.08219496364513673
2016-05-24,-0.16386960294407868
2016-05-25,-0.11637750938015057
2016-05-26,0.15183131780872772
2016-05-27,0.20741118082910773
2016-05-31,0.1090047204979549
2016-06-01,-0.11613610532444338
2016-06-02,-0.151711142803027
2016-06-03,-0.27883579644905565
2016-06-06,-0.1627218376645496
2016-06-07,0.35660470371329794
2016-06-08,0.5090637848122324
2016-06-09,0.1088221900217049
2016-06-10,-0.3717684975599097
2016-06-13,0.020744692181676988
2016-06-14,-0.14019571895519106
2016-06-15,0.02453047487573027
2016-06-16,-0.011577094341092331
2016-06-17,-0.24523556146370018
2016-06-20,0.5335441459169887
2016-06-21,0.6952714288719598
2016-06-22,-0.5993356063620787
2016-06-23,-0.3617113716848267
2016-06-24,-0.3484355202649839
2016-06-27,0.04741114268213045
2016-06-28,-0.06766173000256287
2016-06-29,0.11879717562039363
2016-06-30,0.025355850910342315
2016-07-01,0.1303644904161766
2016-07-05,0.1019445289125889
2016-07-06,-0.046728960227149514
2016-07-07,-0.11933587339090754
2016-07-08,-0.2326447136648523
2016-07-11,0.18516452398550898
2016-07-12,0.31821192393210485
2016-07-13,0.009270795632182853
2016-07-14,-0.13920205381081982
2016-07-15,-0.24971147849640662
2016-07-18,0.05489757147088824
2016-07-19,0.21887797007471746
2016-07-20,0.2812714899070909
2016-07-21,-0.35506928708715607
2016-07-22,-0.3207777626760572
2016-07-25,0.18583076086291983
2016-07-26,0.2339448798647519
2016-07-27,-0.12032839412612822
2016-07-28,-0.04120305326142134
2016-07-29,0.24122270271698187
2016-08-01,-0.049102520081895876
2016-08-02,-0.02018872609225661
2016-08-03,-0.17006174678721414
2016-08-04,0.14039713594749162
2016-08-05,0.049621903156475855
2016-08-08,-0.21416866693243242
2016-08-09,0.2727449286929149
2016-08-10,-0.016329065512815717
2016-08-11,-0.12026894834203891
2016-08-12,-0.027711165691190698
2016-08-15,-0.004568981263484276
2016-08-16,0.09834459910303564
2016-08-17,-0.037528864096790855
2016-08-18,-0.04626897123020154
2016-08-19,0.009622132038330622
2016-08-22,-0.12776863488901802
2016-08-23,0.24981096873194011
2016-08-24,0.04927113895496376
2016-08-25,-0.020535786415763334
2016-08-26,0.06775582954806214
2016-08-29,-0.11776840600713946
2016-08-30,0.11034372935208928
2016-08-31,0.33180440311512144
2016-09-01,-0.31480191495580273
2016-09-02,-0.4127779610403036
2016-09-06,0.11156451788201181
2016-09-07,0.33714445719629094
2016-09-08,-0.07912890071791906
2016-09-09,-0.24360211637181448
2016-09-12,0.05535577461641761
2016-09-13,-0.1431025734875787
2016-09-14,-0.04858857503026301
2016-09-15,-0.0077953969947198234
2016-09-16,0.14746367189724377
2016-09-19,0.06562226936739879
2016-09-20,-0.13550178918589195
2016-09-21,0.09207743296535312
2016-09-22,0.018071492958863615
2016-09-23,0.008264033530561966
2016-09-26,0.06988900825899858
2016-09-27,-0.07336876306281027
2016-09-28,0.21914442667873238
2016-09-29,-0.33432871456064134
2016-09-30,-0.24920247342751264
2016-10-03,0.33922246620580754
2016-10-04,0.17489764776482397
2016-10-05,0.2934112418643098
2016-10-06,-0.153262201499125
2016-10-07,-0.3573359802023894
2016-10-10,-0.00237776115015198
2016-10-11,-0.05656864557014764
2016-10-12,0.2550113547792838
2016-10-13,0.14420407657703266
2016-10-14,-0.1533355071799267
2016-10-17,-0.377710784221451
2016-10-18,-0.027502941224446645
2016-10-19,0.4383455146303801
2016-10-20,-0.09566237087167756
2016-10-21,-0.13506978299776937
2016-10-24,0.03348897621552982
2016-10-25,-0.06763565454229216
2016-10-26,0.1435449470034245
2016-10-27,0.20927155857168572
2016-10-28,0.03173052522973311
2016-10-31,0.044955765461151986
2016-11-01,-0.20416958245978079
2016-11-02,-0.04712182393161243
2016-11-03,-0.14619509334484732
2016-11-04,-0.0544024780051053
2016-11-07,0.0680220954172287
2016-11-08,0.2032978781725484
2016-11-09,0.12087782511621462
2016-11-10,-0.15566240901864276
2016-11-11,0.14506441805203
2016-11-14,-0.27424398734642363
2016-11-15,-0.17136928949105779
2016-11-16,0.10274447092922137
2016-11-17,0.25780461673817506
2016-11-18,-0.14573567655246397
2016-11-21,-0.3289112694509716
2016-11-22,0.0002312430406957583
2016-11-23,0.19981154093655554
2016-11-25,0.24713757877434944
2016-11-28,0.17319761965114291
2016-11-29,-0.14037805869653053
2016-11-30,0.04303157415644364
2016-12-01,-0.11778890004246897
2016-12-02,-0.2148623144141822
2016-12-05,0.02826372835476402
2016-12-06,-0.20091062858179687
2016-12-07,0.13529803838984955
2016-12-08,0.21914423594384316
2016-12-09,-0.07152849788579935
2016-12-12,-0.19093602445285815
2016-12-13,0.0928222052805231
2016-12-14,-0.01630203637824991
2016-12-15,-0.011388791705019025
2016-12-16,0.05473798160637038
2016-12-19,-0.11160290982881446
2016-12-20,0.12042230293675071
2016-12-21,-0.10456840905888022
2016-12-22,-0.06232224812594553
2016-12-23,-0.0016619359961789829
2016-12-27,0.25573050234156197
2016-12-28,0.17282193825168857
2016-12-29,-0.22083523187383725
2016-12-30,-0.17005502095307265
2017-01-03,-0.16286245937267935
2017-01-04,0.25053068849882193
2017-01-05,-0.027044165874285153
2017-01-06,-0.055769275758118866
2017-01-09,0.27527807841210983
2017-01-10,0.024071630287971928
2017-01-11,-0.16400273587863265
2017-01-12,-0.25771128013207634
2017-01-13,0.16543147650017376
2017-01-17,0.04994391093165887
2017-01-18,-0.08592840785900108
2017-01-19,0.06293150636990144
2017-01-20,-0.1531790383108299
2017-01-23,-0.09630176934944558
2017-01-24,0.38261221537501644
2017-01-25,0.14433759098132243
2017-01-26,-0.0713364913718468
2017-01-27,-0.033311713481714134
2017-01-30,-0.12590114984261602
2017-01-31,0.18981169352443408
2017-02-01,-0.08726297969738922
2017-02-02,-0.09066899564427364
2017-02-03,-0.206378043437761
2017-02-06,0.04409854498161124
2017-02-07,0.005677400921862336
2017-02-08,-0.04566218013681251
2017-02-09,0.062397258017833614
2017-02-10,-0.27597719504908913
2017-02-13,0.23863093939078384
2017-02-14,0.4835445273867487
2017-02-15,0.24287160282216974
2017-02-16,-0.49720242765110173
2017-02-17,-0.2059778816946346
2017-02-21,0.44729755010858996
2017-02-22,0.5642108787050804
2017-02-23,-0.376461664389755
2017-02-24,-0.0060025527731770376
2017-02-27,-0.43784471824245774
2017-02-28,-0.12136852655158549
2017-03-01,0.1692771781435747
2017-03-02,0.014205297280166888
2017-03-03,0.04333101961453604
2017-03-06,0.034288918232155186
2017-03-07,-0.07363636407599884
2017-03-08,0.13301123270898166
2017-03-09,-0.05046106929698652
2017-03-10,-0.3188027694479895
2017-03-13,-0.29864527061061896
2017-03-14,0.2536982306505168
2017-03-15,0.08114584574610098
2017-03-16,0.17313741092760154
2017-03-17,0.17186342928248347
2017-03-20,0.18242162392061256
2017-03-21,-0.47763531121956204
2017-03-22,0.005145632123071869
2017-03-23,-0.24019648189464277
2017-03-24,-0.10066922452613444
2017-03-27,0.04468930885717082
2017-03-28,0.2104983099962746
2017-03-29,0.2202113975039213
2017-03-30,-0.24046236629406464
2017-03-31,-0.6273362472312076
2017-04-03,0.4586881034128164
2017-04-04,0.5192984351183542
2017-04-05,-0.16765443196388127
2017-04-06,-0.22526194209969602
2017-04-07,-0.09827054288549239
2017-04-10,0.5068223349802156
2017-04-11,0.1831652411485999
2017-04-12,-0.3772556435117158
2017-04-13,0.1426041925438672
2017-04-17,-0.04773534085910743
2017-04-18,-0.22971140220243857
2017-04-19,0.09263103094351109
2017-04-20,0.020344911908225988
2017-04-21,-0.07352892513193893
2017-04-24,-0.035735447670651475
2017-04-25,0.23962186500950178
2017-04-26,-0.12230236444220623
2017-04-27,-0.20605546345799206
2017-04-28,-0.030728403281351575
2017-05-01,0.4797304794533855
2017-05-02,0.36562207863254936
2017-05-03,-0.09043514642463236
2017-05-04,-0.7029895912656228
2017-05-05,0.00540517215806318
2017-05-08,-0.32346890714330273
2017-05-09,0.218955361103239
2017-05-10,0.25583102789175827
2017-05-11,0.21487883219630624
2017-05-12,0.2662038171776328
2017-05-15,-0.13653653409641994
2017-05-16,0.04562314674775958
2017-05-17,-0.5023022881482545
2017-05-18,0.25101088175686304
2017-05-19,0.1583379114159233
2017-05-22,0.009331004355706475
2017-05-23,-0.5006441719777951
2017-05-24,-0.2751023522351913
2017-05-25,0.051810823773448283
2017-05-26,-0.00886141414562431
2017-05-30,0.19093081209494225
2017-05-31,0.25095456764620916
2017-06-01,-0.09510204705939941
2017-06-02,-0.15018769612401692
2017-06-05,-0.020062128256938934
2017-06-06,-0.10867055204075801
2017-06-07,0.08468946144503942
2017-06-08,0.6111655005480111
2017-06-09,-0.3259227882870901
2017-06-12,-0.6127287542334979
2017-06-13,0.38319765779811205
2017-06-14,0.4824216239206275
2017-06-15,-0.02376873407110537
2017-06-16,-0.02072183003516323
2017-06-19,-0.18992830867686933
2017-06-20,-0.1864026382224164
2017-06-21,-0.09677873923857849
2017-06-22,0.20703151312126467
2017-06-23,0.610877977704118
2017-06-26,0.16300481205065126
2017-06-27,-0.6157349899069775
2017-06-28,0.23975499794406285
2017-06-29,-0.13563587579475522
2017-06-30,0.6083442557802607
2017-07-03,0.7218045557030127
2017-07-05,-0.40866902616185813
2017-07-06,-1.0455771095998738
2017-07-07,-0.42190296563852014
2017-07-10,-0.049388898516574437
2017-07-11,0.38153813724598223
2017-07-12,0.27853113863304385
2017-07-13,-0.20277735068877523
2017-07-14,0.06729686346303453
2017-07-17,-0.2069889198788912
2017-07-18,0.1648721063621889
2017-07-19,-0.10426953580542705
2017-07-20,-0.12664438560085334
2017-07-21,-0.38710224542365224
2017-07-24,0.522611986493172
2017-07-25,0.14807103519520098
2017-07-26,0.2802633926613876
2017-07-27,-0.1187777168996772
2017-07-28,0.1812975653673513
2017-07-31,-0.13632165303319874
2017-08-01,-0.6840620672217813
2017-08-02,-0.6161362960593149
2017-08-03,0.34748929665011896
2017-08-04,0.38583171453727105
2017-08-07,-0.015789045001002727
2017-08-08,0.4240712488182436
2017-08-09,0.23639704439477607
2017-08-10,-0.44771105125030364
2017-08-11,-0.25216839227425736
2017-08-14,0.367677294110373
2017-08-15,0.1967377985008551
2017-08-16,0.31199824068380805
2017-08-17,-0.10184503867702166
2017-08-18,-0.1271023980115379
2017-08-21,-0.41565476765720444
2017-08-22,-0.3157957708350703
2017-08-23,0.3754637405617896
2017-08-24,0.255089699482136
2017-08-25,-0.15803615960825168
2017-08-28,-0.10658837666602403
2017-08-29,-0.15219561214370386
2017-08-30,0.07559763643580378
2017-08-31,0.17748960182588458
2017-09-01,0.1742304572130523
2017-09-05,0.03741110453517485
2017-09-06,-0.2525957738868317
2017-09-07,-0.020002110268324068
2017-09-08,-0.7031775124319123
2017-09-11,0.3524981268907931
2017-09-12,0.14567717204004985
2017-09-13,-0.22712923641123367
2017-09-14,0.18719774935083858
2017-09-15,0.14015592262669496
2017-09-18,0.37609851446404663
2017-09-19,0.08114393839746106
2017-09-20,0.2654050195701882
2017-09-21,0.24133021089868303
2017-09-22,-0.4137106545217525
2017-09-25,-0.3888360253309001
2017-09-26,0.20314482340722953
2017-09-27,-0.06832872981946309
2017-09-28,-0.17573636319799665
2017-09-29,-0.14131113364773829
2017-10-02,-0.30750172052135893
2017-10-03,0.13967779765038293
2017-10-04,0.2679379785545845
2017-10-05,0.20826441500022422
2017-10-06,0.18522199318331
2017-10-09,-0.746301769349437
2017-10-10,0.30861090311914285
2017-10-11,0.1407376611717514
2017-10-12,0.04839770052269724
2017-10-13,0.01188863441864807
2017-10-16,-0.39443600091683406
2017-10-17,0.21674498209863294
2017-10-18,0.49700520877917115
2017-10-19,0.09319750521019368
2017-10-20,-0.13571153953152593
2017-10-23,-0.23123524102914017
2017-10-24,0.3482101310244241
2017-10-25,-0.2147276556007081
2017-10-26,-0.029068882729221777
2017-10-27,-0.331978476787386
2017-10-30,-0.3288350335095954
2017-10-31,1.0095443595400697
2017-11-01,0.39060414676747585
2017-11-02,-0.8956025436179065
2017-11-03,-0.12757746055203445
2017-11-06,-0.133369182679545
2017-11-07,0.25114477763086374
2017-11-08,0.06247189884265907
2017-11-09,-0.2613362624900066
2017-11-10,-0.32371126487333346
2017-11-13,0.40383136358511906
2017-11-14,0.046611772870119444
2017-11-15,-0.0601957952491577
2017-11-16,0.04639689180688048
2017-11-17,0.0678887717477944
2017-11-20,-0.37776844415412525
2017-11-21,0.4024772513857586
2017-11-22,-0.08766161556162927
2017-11-24,-0.07066891935034822
2017-11-27,0.12322209999483202
2017-11-28,0.21489780035270145
2017-11-29,-0.11592217793556522
2017-11-30,0.006871541786988615
2017-12-01,-0.025336201454850348
2017-12-04,-0.21731172874052096
2017-12-05,-0.356834529969572
2017-12-06,0.3820785392275363
2017-12-07,-0.18806330318372516
2017-12-08,-0.488668949867927
2017-12-11,0.059356438373738274
2017-12-12,0.5043638953234074
2017-12-13,0.2096774924746159
2017-12-14,-0.11846262569349292
2017-12-15,0.3223982498391021
2017-12-18,0.12402242348115944
2017-12-19,-0.31856853875865154
2017-12-20,-0.0003227364072370953
2017-12-21,0.346737798500843
2017-12-22,0.11333147737816598
2017-12-26,-0.25944467856963815
2017-12-27,-0.3729695549940045
2017-12-28,0.15354498515036588
2017-12-29,-0.23259569759290982
2018-01-02,0.2774649307472981
2018-01-03,0.015488564228229751
2018-01-04,-0.5016358605359953
2018-01-05,-0.3301887642392698
2018-01-08,0.638471730995963
2018-01-09,0.08386408541039539
2018-01-10,-0.13104502036648757
2018-01-11,0.02263133611927813
2018-01-12,-0.05605508198831097
2018-01-16,-0.04966112728040912
2018-01-17,0.20052973482442307
2018-01-18,-0.2037115700491211
2018-01-19,-0.01776783380260895
2018-01-22,0.31807707438376287
2018-01-23,0.3731377923973082
2018-01-24,-0.05346844937965219
2018-01-25,-0.6034449227102582
2018-01-26,-0.17083561334358832
2018-01-29,0.37847822794823305
2018-01-30,-0.14299532527842757
2018-01-31,0.3487970993264132
2018-02-01,0.203088127826886
2018-02-02,-0.013234829041821286
2018-02-05,-0.3808548103818188
2018-02-06,0.00940488224110652
2018-02-07,1.1269301101906795
2018-02-08,-0.6527784950979428
2018-02-09,-0.843634914491045
2018-02-12,0.029145418500012205
2018-02-13,0.18727086429675638
2018-02-14,-0.2992028548972438
2018-02-15,0.20388921425264595
2018-02-16,0.16236369695914676
2018-02-20,0.01247900614649658
2018-02-21,-0.4445955907813686
2018-02-22,0.058796946738541
2018-02-23,0.20748914406222052
2018-02-26,0.42769763555779805
2018-02-27,0.4184772361269653
2018-02-28,-0.0037951147071420624
2018-03-01,-0.5537354781882318
2018-03-02,0.0024224631540458175
2018-03-05,0.020231128599767487
2018-03-06,-0.08245622029393027
2018-03-07,0.17753842716296447
2018-03-08,-0.2601353957907459
2018-03-09,-0.5977118141897454
2018-03-12,0.6928980597521134
2018-03-13,0.7111446250429596
2018-03-14,-0.34459520931162074
2018-03-15,-0.04946873929663017
2018-03-16,0.05735486671847123
2018-03-19,-0.33496906671273463
2018-03-20,-0.09938851704685711
2018-03-21,0.4440709436424581
2018-03-22,0.01159731600121642
2018-03-23,-0.10117746665555505
2018-03-26,0.8504984625841446
2018-03-27,-0.026989377642570894
2018-03-28,-0.9188624059668914
2018-03-29,0.06426455232937126
2018-04-02,-0.9762438423879535
2018-04-03,-0.619769405457849
2018-04-04,0.44821165690332965
2018-04-05,1.0851373041160988
2018-04-06,0.09933039400415392
2018-04-09,-0.7569105751760593
2018-04-10,0.39329784002555657
2018-04-11,0.34434469828515635
2018-04-12,-0.2523287450782273
2018-04-13,0.3295977279885261
2018-04-16,-0.20504480674344283
2018-04-17,-0.5273694268201551
2018-04-18,0.20087889323144473
2018-04-19,0.6347379053123735
2018-04-20,-0.027069599892330452
2018-04-23,-0.34331156089383275
2018-04-24,-0.1503022423718937
2018-04-25,-0.1699211250791128
2018-04-26,-0.11032892818371948
2018-04-27,0.18133074495630022
2018-04-30,-0.1305121071584613
2018-05-01,0.2768980750109188
2018-05-02,0.5750121940127118
2018-05-03,-0.7759295141211989
2018-05-04,-0.2228020980612637
2018-05-07,0.2528230063669329
2018-05-08,-0.08243687066779927
2018-05-09,0.3662113059511798
2018-05-10,0.2688718164452017
2018-05-11,0.17986437532741387
2018-05-14,-0.1815783150442184
2018-05-15,-0.4355023613904413
2018-05-16,0.2572784293642778
2018-05-17,0.10833829288562996
2018-05-18,-0.3462697341696827
2018-05-21,0.23682187721653658
2018-05-22,-0.3136357537244413
2018-05-23,0.14621237406643053
2018-05-24,-0.0447294866553743
2018-05-25,-0.2630692794577651
2018-05-29,-0.0382441170461566
2018-05-30,0.29849765386832006
2018-05-31,-0.18978844990818808
2018-06-01,0.0652707422264524
2018-06-04,-0.039335377480218946
2018-06-05,-0.8585108406789727
2018-06-06,0.6806303748156134
2018-06-07,0.19807776102930766
2018-06-08,-0.5051279699317351
2018-06-11,0.058263652060803785
2018-06-12,0.18748944923800603
2018-06-13,-0.22630283746467994
2018-06-14,0.3362110007753971
2018-06-15,0.11647199039538919
2018-06-18,0.6657309219582483
2018-06-19,-0.44384561851100035
2018-06-20,0.5203650244738037
2018-06-21,0.2602115500917934
2018-06-22,-0.6437948858253225
2018-06-25,-0.5110696151511416
2018-06-26,0.02895482704563246
2018-06-27,0.06369845953240315
2018-06-28,0.6144782889834355
2018-06-29,0.4450040185936463
2018-07-02,0.3286635086281731
2018-07-03,-0.765309775615533
2018-07-05,-0.5604356041883035
2018-07-06,-0.19352265706153468
2018-07-09,0.21980450992664274
2018-07-10,0.32093035433130807
2018-07-11,-0.07304407432156002
2018-07-12,-0.1185681572888845
2018-07-13,0.2387443412295385
2018-07-16,-0.530462900351662
2018-07-17,0.19973093721704951
2018-07-18,0.320556008075913
2018-07-19,0.16356494512811837
2018-07-20,0.2732772696962984
2018-07-23,-0.3365954076758622
2018-07-24,-0.6024022414938823
2018-07-25,0.3432221762887887
2018-07-26,0.3699637183214429
2018-07-27,-0.05458833088964263
2018-07-30,-0.5359278356543985
2018-07-31,-0.6386700942770727
2018-08-01,-1.165577948833283
2018-08-02,1.3824988135362937
2018-08-03,0.4216770041933815
2018-08-06,-1.036328378867282
2018-08-07,1.3679972336037753
2018-08-08,0.6280217520944634
2018-08-09,-0.7645680657361572
2018-08-10,0.0800773490420115
2018-08-13,0.4440720880516477
2018-08-14,0.023864619468030347
2018-08-15,0.06668790504857991
2018-08-16,0.4826304205919699
2018-08-17,-0.9545883308896448
2018-08-20,-0.6505942022315633
2018-08-21,0.38919626924830736
2018-08-22,0.11388906166475887
2018-08-23,-0.14083530816778433
2018-08-24,0.39061163554102496
2018-08-27,0.2563374841698189
2018-08-28,-0.07386906888646114
2018-08-29,-0.27544428184109837
2018-08-30,-0.0028359642956991143
2018-08-31,0.5290115226259795
2018-09-04,-0.11686236019054191
2018-09-05,-0.19426930692358543
2018-09-06,0.00815557167452663
2018-09-07,-1.053368496034058
2018-09-10,0.5162109244814426
2018-09-11,-0.12059504146495953
2018-09-12,0.13106409761743446
2018-09-13,-0.09251161887724468
2018-09-14,0.20889804449333071
2018-09-17,0.2880779136171947
2018-09-18,-0.6081953680030491
2018-09-19,0.2149313614113613
2018-09-20,0.07735494301241441
2018-09-21,-0.09270183953988521
2018-09-24,0.021411119793957517
2018-09-25,-0.13312861080090627
2018-09-26,0.8350638077004415
2018-09-27,0.5237557761423143
2018-09-28,-2.33430263910044
2018-10-01,1.141011034344733
2018-10-02,0.7188718164451867
2018-10-03,0.27959734651880735
2018-10-04,0.18975614235325888
2018-10-05,-0.6336362114881174
2018-10-08,-0.6711219917782847
2018-10-09,0.42020505313954687
2018-10-10,0.00559756014184213
2018-10-11,-0.4518454201467518
2018-10-12,-0.2067013970349768
2018-10-15,-0.13512231221290613
2018-10-16,0.7231374109276235
2018-10-17,0.3239985153420389
2018-10-18,-0.24584451987822764
2018-10-19,-0.7481702080701359
2018-10-22,-0.6915210854062286
2018-10-23,0.7224709833153465
2018-10-24,-0.6610692336813795
2018-10-25,0.08388951942844425
2018-10-26,0.6687636145617327
2018-10-29,0.4974113334170136
2018-10-30,-0.3441950475684908
2018-10-31,-0.11853535916967492
2018-11-01,0.23108838722628444
2018-11-02,0.21663081732047418
2018-11-05,-0.045655072832952975
2018-11-06,-0.282595316123125
2018-11-07,0.07386423799833788
2018-11-08,0.39775556251928446
2018-11-09,0.3618304022814479
2018-11-12,-0.6484554420956412
2018-11-13,-0.2316610967628175
2018-11-14,0.00679651949244512
2018-11-15,-0.020110572124297232
2018-11-16,0.24676425543081082
2018-11-19,0.4844779838075839
2018-11-20,0.2679383600242741
2018-11-21,-0.3034699752585492
2018-11-23,-1.0271776802785961
2018-11-26,0.3047652014757384
2018-11-27,0.3426105369082153
2018-11-28,0.1579381311424332
2018-11-29,-0.5174687698142204
2018-11-30,-0.13424402549344638
2018-12-03,0.1895632514025104
2018-12-04,0.26247748026757467
2018-12-06,0.1715386713036044
2018-12-07,-0.3402680709616827
2018-12-10,0.019354378437215547
2018-12-11,-0.06403591546762101
2018-12-12,0.038345323895492306
2018-12-13,0.8214043939598167
2018-12-14,0.4169306442483017
2018-12-17,-0.31437708213408133
2018-12-18,-0.2625695458387375
2018-12-19,0.29554442057516983
2018-12-20,-0.28939539546888
2018-12-21,0.08693148348166171
2018-12-24,-1.3409105904348788
2018-12-26,0.4515635260606844
2018-12-27,-0.16992226948830955
2018-12-28,0.697004445839713
2018-12-31,0.9065306350930253
2019-01-02,-0.6533102638967724
2019-01-03,-1.3261689415906595
2019-01-04,0.011410509442389333
2019-01-07,0.6646054590233167
2019-01-08,0.03359743807152963
2019-01-09,-0.17571131064971202
2019-01-10,0.2534304389025047
2019-01-11,0.5012786735049071
2019-01-14,-0.575662103842895
2019-01-15,-0.0004025771872182213
2019-01-16,0.680555474018293
2019-01-17,1.2299639472032873
2019-01-18,-0.7992546211728486
2019-01-22,-0.4140623723975703
2019-01-23,-0.5613362624899931
2019-01-24,-0.24864450767116442
2019-01-25,0.13183162298453455
2019-01-28,0.021677767132822573
2019-01-29,-0.23246180171886294
2019-01-30,0.2570643112404892
2019-01-31,-0.10677744224150676
2019-02-01,-0.08696949395879429
2019-02-04,0.061944567059581096
2019-02-05,0.5000703180320937
2019-02-06,0.2479979202492633
2019-02-07,-0.42571054771023686
2019-02-08,-0.42016880426154
2019-02-11,0.38607863078029414
2019-02-12,0.24793713932120526
2019-02-13,-0.08466962125461383
2019-02-14,-0.30904413535668784
2019-02-15,0.08063113775506935
2019-02-19,0.3734107841005967
2019-02-20,0.16953900699695595
2019-02-21,-0.526536305214611
2019-02-22,-0.21784426047879368
2019-02-25,-0.11723606500378793
2019-02-26,-0.3436561714658195
2019-02-27,0.6612729394920894
2019-02-28,1.120530192588129
2019-03-01,-0.2949118263967653
2019-03-04,-0.4179021111463298
2019-03-05,-0.21245461812111707
2019-03-06,-0.209795252036255
2019-03-07,-0.3228032424704583
2019-03-08,0.06255582497041867
2019-03-11,0.33729770269643156
2019-03-12,-0.12872201314063766
2019-03-13,0.2414044702537656
2019-03-14,0.5315981552346205
2019-03-15,-0.25224481895045703
2019-03-18,-0.45110256585825026
2019-03-19,-0.15698853840919377
2019-03-20,0.2776715600975341
2019-03-21,0.3643973037941866
2019-03-22,-0.29931207969270635
2019-03-25,-0.5973683587049449
2019-03-26,0.04754484782130411
2019-03-27,0.19447148685532384
2019-03-28,0.0014639541847945373
2019-03-29,-0.18437792136750464
2019-04-01,0.20289828863392445
2019-04-02,0.34367750773337935
2019-04-03,0.6850049341209609
2019-04-04,-0.7661366775290492
2019-04-05,-0.13357683494169426
2019-04-08,-0.0485688439344122
2019-04-09,0.09981077799707541
2019-04-10,0.3272710168846335
2019-04-11,-0.1533356979148248
2019-04-12,-0.24237810447293573
2019-04-15,-0.27363560113654073
2019-04-16,0.34341200480373946
2019-04-17,0.14807179813467614
2019-04-18,0.2542635605080737
2019-04-22,-0.27744432761746485
2019-04-23,0.10623042669547132
2019-04-24,0.48141115794094436
2019-04-25,-0.0895279561988292
2019-04-26,-0.648269589211182
2019-04-29,0.07535508797091939
2019-04-30,-0.07056820306525204
2019-05-01,-0.4315218101987144
2019-05-02,-0.06312967891612004
2019-05-03,0.4917313263161756
2019-05-06,0.3409558646433001
2019-05-07,-0.1904355278943518
2019-05-08,0.08461073527246035
2019-05-09,0.15233796482168288
2019-05-10,0.12279783937769476
2019-05-13,-0.5663778908498537
2019-05-14,-0.03870232019172505
2019-05-15,0.5334110129824436
2019-05-16,0.4614045465477418
2019-05-17,-0.3910687759176987
2019-05-20,-0.27317758872586506
2019-05-21,0.1383639105822082
2019-05-22,-0.19672185292331165
2019-05-23,0.09007161502918465
2019-05-24,-0.09320271756811313
2019-05-28,-0.18877798392850498
2019-05-29,0.01863105383170037
2019-05-30,0.2810117591372334
2019-05-31,-0.10766207332531536
2019-06-03,-0.6722699477927279
2019-06-04,0.03962262794894211
2019-06-05,-0.02656872186411853
2019-06-06,0.36154421458152886
2019-06-07,-0.16779543514172018
2019-06-10,0.15973097536400974
2019-06-11,0.30788873360078906
2019-06-12,-0.3613684884046263
2019-06-13,0.002877985333497285
2019-06-14,-0.15099550838390768
2019-06-17,0.23186384889917025
2019-06-18,0.10935605690399963
2019-06-19,0.12183101263296457
2019-06-20,-0.09738923420995158
2019-06-21,-0.000995317649035883
2019-06-24,0.15093065950705767
2019-06-25,-0.17771059348659446
2019-06-26,-0.23936893853889407
2019-06-27,0.16781118998438152
2019-06-28,0.02593778019029685
2019-07-01,0.0026640579445747284
2019-07-02,-0.33584410026153233
2019-07-03,0.25476424780141416
2019-07-05,0.3124780524721418
2019-07-08,-0.18246199245374078
2019-07-09,-0.3126698806540435
2019-07-10,0.09122270271701349
2019-07-11,-0.2465687981580521
2019-07-12,0.10407827982813436
2019-07-15,0.33353761081774963
2019-07-16,-0.0025365188376351364
2019-07-17,-0.03891016318874041
2019-07-18,-0.1636361351941643
2019-07-19,0.2580776084414369
2019-07-22,-0.16152826900400924
2019-07-23,0.4051977798683933
2019-07-24,1.0940217368356517
2019-07-25,-1.0521687737439656
2019-07-26,-0.6491218697079981
2019-07-29,0.057138189125838394
2019-07-30,0.36053110811549877
2019-07-31,0.20615438148899823
2019-08-01,-0.21950199517951907
2019-08-02,0.18287886271389645
2019-08-05,-0.22859598750987536
2019-08-06,-0.18813603665987874
2019-08-07,-0.04611135795192578
2019-08-08,0.2623652228380221
2019-08-09,0.2026107657900527
2019-08-12,-0.13272883052746237
2019-08-13,0.506531207297618
2019-08-14,-0.34491182639676243
2019-08-15,-0.5888352623914385
2019-08-16,0.03594530711083535
2019-08-19,0.3598042810448107
2019-08-20,0.1461302444679973
2019-08-21,-0.1023775704153086
2019-08-22,0.1356982001329795
2019-08-23,-0.20765553822606272
2019-08-26,-0.017129198264259245
2019-08-27,-0.13480256345434324
2019-08-28,-0.25064398124293963
2019-08-29,0.016231418516779214
2019-08-30,0.4044776786318538
2019-09-03,0.05860455875477271
2019-09-04,-0.36880257871312766
2019-09-05,0.1150887839547926
2019-09-06,-0.1749694100354825
2019-09-09,-0.021654904986339013
2019-09-10,-0.10819479579845243
2019-09-11,0.3635973617775808
2019-09-12,0.10762189552706214
2019-09-13,-0.06803524408088592
2019-09-16,0.03701056132227712
2019-09-17,0.03993695621569387
2019-09-18,-0.04786771085423599
2019-09-19,0.15348943397923687
2019-09-20,0.03489635076776075
2019-09-23,0.4890119422426862
2019-09-24,-0.777795473288695
2019-09-25,-0.4941361739890055
2019-09-26,0.4076228492013828
2019-09-27,0.08489730444205655
2019-09-30,0.02474440226465638
2019-10-01,0.28713868503649537
2019-10-02,0.26359793398219017
2019-10-03,-0.3947786934622092
2019-10-04,-0.4472350350355031
2019-10-07,0.1696779120913279
2019-10-08,0.04953702335439097
2019-10-09,0.06653124544459213
2019-10-10,-0.20304399802761897
2019-10-11,-0.23856975946175096
2019-10-14,0.37941130289942837
2019-10-15,0.09233830814441973
2019-10-16,0.033331553672139726
2019-10-17,0.20042203590794994
2019-10-18,-0.11110317620978151
2019-10-21,-0.057255567217778996
2019-10-22,-0.5407274877540406
2019-10-23,-1.6120030715720208
2019-10-24,0.37148832008763033
2019-10-25,1.4519648322130572
2019-10-28,0.8358116019716819
2019-10-29,-0.25272928829111435
2019-10-30,-0.19800198819798884
2019-10-31,-0.09451090171413601
2019-11-01,-0.22283642205939513
2019-11-04,0.11647833475978067
2019-11-05,-0.2944613134375909
2019-11-06,-0.050403340126708294
2019-11-07,0.1516221396676779
2019-11-08,-0.1855023613904555
2019-11-11,0.30034521708397666
2019-11-12,0.31953786258776845
2019-11-13,-0.19773686673804566
2019-11-14,-0.0741102822073022
2019-11-15,-0.02163517389045623
2019-11-18,-0.032189191485360674
2019-11-19,0.41073850040513776
2019-11-20,0.11693026277856158
2019-11-21,0.4458882682077262
2019-11-22,-0.6064347496961245
2019-11-25,0.10887793192774445
2019-11-26,-0.17326265926281464
2019-11-27,-0.10186894681614864
2019-11-29,-0.21704431846218786
2019-12-02,0.04916446295035769
2019-12-03,0.36634482035546956
2019-12-04,-0.0436628972999425
2019-12-05,-0.34533513333962235
2019-12-06,-0.17291017844753587
2019-12-09,-0.20017025384653364
2019-12-10,0.245945345257824
2019-12-11,0.08393720035630964
2019-12-12,-0.07253621366187876
2019-12-13,-0.5875765450246836
2019-12-16,0.40609691229119294
2019-12-17,-0.1364547859677918
2019-12-18,0.05887044315420525
2019-12-19,0.2197313949807285
2019-12-20,-0.3207777626760323
2019-12-23,0.07636401739371777
2019-12-24,0.3434116233339646
2019-12-26,0.4819382989891385
2019-12-27,0.3942633316262008
2019-12-30,-0.7449103005178604
2019-12-31,-0.6715028038953618
2020-01-02,0.05794447550684104
2020-01-03,0.06380513553699857
2020-01-06,-0.41386922147438726
2020-01-07,0.04602178261201739
2020-01-08,1.108498264219903
2020-01-09,-0.3728557716855283
2020-01-10,-1.6229944860450483
2020-01-13,1.0773302719338442
2020-01-14,1.4922883383981418
2020-01-15,-0.24136898431526588
2020-01-16,-0.6569885384091867
2020-01-17,-1.397529092978637
2020-01-21,0.27092997286157156
2020-01-22,1.0501572959176801
2020-01-23,0.5848982581163392
2020-01-24,0.046478258465790595
2020-01-27,-0.6785959875099014
2020-01-28,-1.0636044814841146
2020-01-29,-1.2946447975881892
2020-01-30,-0.274033474061398
2020-01-31,-3.675921643877934
2020-02-03,2.7839375818260375
2020-02-04,8.417063395713113
2020-02-05,-3.0673117287405187
2020-02-06,-2.008034633729331
2020-02-07,-0.34872132649510146
2020-02-10,0.6447377527244808
2020-02-11,0.0553293869240488
2020-02-12,-1.1371763832815542
2020-02-13,0.14089648809680655
2020-02-14,-1.814720166827171
2020-02-18,0.19567082767565552
2020-02-19,2.77479578707055
2020-02-20,1.0969567649118037
2020-02-21,1.9751646765733775
2020-02-24,-0.4409889351377094
2020-02-25,0.11980412845691263
2020-02-26,1.7570635483010246
2020-02-27,-3.721044028545199
2020-02-28,-3.7373704186414334
2020-03-02,1.911546312665032
2020-03-03,1.3110059106834837
2020-03-04,1.0415972397072846
2020-03-05,1.1588212363473662
2020-03-06,1.082897830870251
2020-03-09,-3.5292556892880844
2020-03-10,1.0266042078025988
2020-03-11,2.315865580771712
2020-03-12,-0.45077883079129866
2020-03-13,1.4812979468370948
2020-03-16,-1.4323219429501988
2020-03-17,-0.7708616888038339
2020-03-18,-3.8438695266501295
2020-03-19,0.7008214347116509
2020-03-20,-0.31150181207406347
2020-03-23,-2.018322003985335
2020-03-24,1.2360719049461861
2020-03-25,2.2994639084084607
2020-03-26,0.6285546653024542
2020-03-27,-0.552434658143398
2020-03-30,-0.38232194295021227
2020-03-31,1.9388715112694184
2020-04-01,-0.49466985013646964
2020-04-02,-2.5158445961721636
2020-04-03,-1.1068352929090117
2020-04-06,0.6276779044619412
2020-04-07,0.8752721155174467
2020-04-08,-1.2401372268454711
2020-04-09,-2.2385107643850315
2020-04-13,0.49209811773550116
2020-04-14,2.0194106925478517
2020-04-15,0.8175381982811413
2020-04-16,0.5085314438088329
2020-04-17,1.3690896384469742
2020-04-20,0.8290289649035069
2020-04-21,-2.402988446856475
2020-04-22,0.8868726099022123
2020-04-23,-1.6392033889548348
2020-04-24,-1.4635771401174917
2020-04-27,2.5234312781358805
2020-04-28,-0.25232240071386425
2020-04-29,2.0387379968651156
2020-04-30,1.2353304550393016
2020-05-01,-4.150244773174142
2020-05-04,0.07249667730582075
2020-05-05,0.78127897868064
2020-05-06,0.045272573281095844
2020-05-07,-0.8542691543356984
2020-05-08,1.1946877829782299
2020-05-11,0.5332968482042796
2020-05-12,0.3136787284365363
2020-05-13,-0.7656611120216258
2020-05-14,-0.03440373685522676
2020-05-15,-0.3201109535940515
2020-05-18,0.3082319983507341
2020-05-19,-0.17378922810644234
2020-05-20,-0.025928751181752148
2020-05-21,0.6446634933693911
2020-05-22,-0.2599760658987177
2020-05-26,-0.00497066888557697
2020-05-27,0.20327681193261873
2020-05-28,-1.9603266393653558
2020-05-29,-0.9124020889060009
2020-06-01,2.430821358417683
2020-06-02,0.5395659216905736
2020-06-03,0.1736770499697267
2020-06-04,-1.875262705039184
2020-06-05,-1.3069363906638447
2020-06-08,1.0554879538766588
2020-06-09,-1.0149689904188015
2020-06-10,4.165013109540035
2020-06-11,0.01860631351547653
2020-06-12,-3.100402577187255
2020-06-15,1.0240197531930892
2020-06-16,0.016766239073397457
2020-06-17,0.0020767081728445824
2020-06-18,0.6484685266502904
2020-06-19,0.12026697847680448
2020-06-22,0.0670915000192468
2020-06-23,0.7964957007433137
2020-06-24,-1.1671249519833742
2020-06-25,0.18847401981433592
2020-06-26,-2.663470204140383
2020-06-29,-1.5002440102346792
2020-06-30,0.22036655035268582
2020-07-01,-2.399923719073249
2020-07-02,-1.6573969518653515
2020-07-06,5.327464549277563
2020-07-07,2.8570878379098748
2020-07-08,-3.2291009179090158
2020-07-09,-2.7925872932919935
2020-07-10,5.420204671669779
2020-07-13,-0.2164029433981813
2020-07-14,-0.3455748207815629
2020-07-15,2.178227878477649
2020-07-16,-2.5760574471006157
2020-07-17,-3.369527689170042
2020-07-20,5.427997081015858
2020-07-21,0.2592240683786161
2020-07-22,2.9674322852159416
2020-07-23,-0.721658338213877
2020-07-24,-6.020728555869283
2020-07-27,3.3333300277931937
2020-07-28,-0.559974540019864
2020-07-29,0.7568960913683392
2020-07-30,0.9264770377626457
2020-07-31,-3.1149927770606642
2020-08-03,0.6266634628517789
2020-08-04,0.7050858847848661
2020-08-05,0.2727652319933108
2020-08-06,1.6787460196962707
2020-08-07,0.602872213173654
2020-08-10,-2.6652020766989626
2020-08-11,-7.389845145488563
2020-08-12,1.987163425352697
2020-08-13,1.0584777701845463
2020-08-14,-3.9161951696387978
2020-08-17,4.033330027793211
2020-08-18,2.3585542075387895
2020-08-19,-3.543366359803564
2020-08-20,2.512081896161157
2020-08-21,3.7860677087791994
2020-08-24,-2.3233350112692666
2020-08-25,-4.899980033183892
2020-08-26,1.568762851622217
2020-08-27,1.1250121940126627
2020-08-28,-5.376465860556749
2020-08-31,11.992268626425995
2020-09-01,6.925224434589568
2020-09-02,-0.6851037255262261
2020-09-03,-2.7181869637021583
2020-09-04,8.187138875771325
2020-09-08,-16.176403553749765
2020-09-09,-1.894779837871381
2020-09-10,-0.30243618402230565
2020-09-11,-7.596189893389684
2020-09-14,2.8858098352440034
2020-09-15,9.397598521445543
2020-09-16,2.075218331073943
2020-09-17,-6.027105068299641
2020-09-18,2.131146227215816
2020-09-21,8.518468221474478
2020-09-22,2.445601145957239
2020-09-23,-9.884110892558878
2020-09-24,-5.535765956971539
2020-09-25,1.5411437858095605
2020-09-28,2.798467000771353
2020-09-29,-1.9983990981833575
2020-09-30,0.7712174765817553
2020-10-01,6.848239780333166
2020-10-02,-3.619525159502934
2020-10-05,0.03846639041975635
2020-10-06,-2.4410657241599143
2020-10-07,0.044554268573891664
2020-10-08,-0.864440273377817
2020-10-09,-0.1328491341123543
2020-10-12,0.11447347049792683
2020-10-13,-0.028403980995891552
2020-10-14,4.449885689472341
2020-10-15,1.0668951758409613
2020-10-16,-0.13951722493263838
2020-10-19,-0.6281962072365278
2020-10-20,-2.1144025161521416
2020-10-21,-0.6387739784964152
2020-10-22,1.1068884619737454
2020-10-23,-0.5795166145810873
2020-10-26,0.2924764001853927
2020-10-27,2.694261424277512
2020-10-28,-1.3801130898245173
2020-10-29,1.5335638770128022
2020-10-30,-5.7948547493466895
2020-11-02,-2.7548655187599427
2020-11-03,3.1622698471291084
2020-11-04,-0.6321150429495345
2020-11-05,3.680231357481581
2020-11-06,2.0858123649111002
2020-11-09,-0.67353006954113
2020-11-10,-2.613734181191136
2020-11-11,1.045890938495818
2020-11-12,0.12622439947379094
2020-11-13,-2.8275177132138714
2020-11-16,-7.717530313681777
2020-11-17,-2.440400440956795
2020-11-18,7.135218941425466
2020-11-19,3.753568149473814
2020-11-20,-6.834851087237332
2020-11-23,-2.031531778525505
2020-11-24,3.316929881308864
2020-11-25,4.297221504902057
2020-11-27,4.0155615576768815
2020-11-30,-2.7175232063779395
2020-12-01,1.5911366785057337
2020-12-02,-4.669727833534852
2020-12-03,-1.454109061504182
2020-12-04,-3.9164422265027885
2020-12-07,8.16247862467676
2020-12-08,8.503804525185416
2020-12-09,-7.421735890175556
2020-12-10,0.20988629982393714
2020-12-11,-4.382433437440278
2020-12-14,4.561151110028356
2020-12-15,0.32646687870104046
2020-12-16,-8.896406300331778
2020-12-17,1.4512223593941815
2020-12-18,14.004236484434735
2020-12-21,-2.37352601399511
2020-12-22,-6.057523599814573
2020-12-23,-2.15240605619117
2020-12-24,2.008552681659909
2020-12-28,-0.9884392968152943
2020-12-29,-3.9848480354794793
2020-12-30,0.9591420495994779
2020-12-31,-0.2344098403708745
2021-01-04,1.7725571982614259
2021-01-05,-4.539101528260596
2021-01-06,-8.989523328448263
2021-01-07,5.48314107303699
2021-01-08,19.12559382173849
2021-01-11,-10.406779349590137
2021-01-12,0.4048987158800864
2021-01-13,5.868490587567373
2021-01-14,0.38846333866197796
2021-01-15,-6.021076710488119
2021-01-19,0.7098893515817951
2021-01-20,2.559574008848791
2021-01-21,-2.6868560921201157
2021-01-22,-4.825544229697385
2021-01-25,5.584935252402586
2021-01-26,6.958564888691159
2021-01-27,4.181571079161336
2021-01-28,-2.446206678057627
2021-01-29,-15.845521036337999
2021-02-01,0.15027338716826757
2021-02-02,10.145881783222352
2021-02-03,0.1915686377550182
2021-02-04,-2.7328643929013543
2021-02-05,-0.5501963293067721
2021-02-08,6.442271678183813
2021-02-09,4.317207466816102
2021-02-10,-8.16309444818247
2021-02-11,-1.1868499886045134
2021-02-12,3.601140340615103
2021-02-16,-1.9317273452536643
2021-02-17,0.7085465781442951
2021-02-18,3.88555972662224
2021-02-19,8.56713560709863
2021-02-22,-10.07685343379896
2021-02-23,-8.34839604642555
2021-02-24,13.071217476581824
2021-02-25,-7.131774257752789
2021-02-26,-8.328851331377882
2021-03-01,11.783138021279171
2021-03-02,5.109599559043245
2021-03-03,-0.8274428017386254
2021-03-04,-1.059771083924624
2021-03-05,-7.816192639971667
2021-03-08,-20.57619120235364
2021-03-09,11.010936228965091
2021-03-10,2.7585496299020793
2021-03-11,3.6015631445909615
2021-03-12,1.6411468375673843
2021-03-15,4.008470662880711
2021-03-16,-3.3110699966208745
2021-03-17,7.562553536152068
2021-03-18,-6.1324303856824764
2021-03-19,-4.36485902180761
2021-03-22,5.328468831826058
2021-03-23,3.504268138144779
2021-03-24,-4.742112601543239
2021-03-25,2.5375647315050354
2021-03-26,-2.703524793292053
2021-03-29,-7.806858316611482
2021-03-30,-1.1830640151755336
2021-03-31,4.737214791034903
2021-04-01,-2.6857720604871465
2021-04-05,4.94048765787985
2021-04-06,3.953133138466654
2021-04-07,-4.010407765175545
2021-04-08,-0.48944231345727307
2021-04-09,-7.470430873963715
2021-04-12,-3.0181915413388714
2021-04-13,13.305809530068217
2021-04-14,-0.9704114272849598
2021-04-15,0.36589215919896556
2021-04-16,3.556900669005024
2021-04-19,-5.402850354815434
2021-04-20,-2.7915323888770733
2021-04-21,6.214924876426023
2021-04-22,-3.526774466777608
2021-04-23,0.6522314795518364
2021-04-26,7.1164794791689525
2021-04-27,-1.3101969396582833
2021-04-28,-3.4884076431052495
2021-04-29,-5.762104666972943
2021-04-30,7.119559360411251
2021-05-03,0.7198119987001741
2021-05-04,-2.268854776572369
2021-05-05,-0.7464032485739995
2021-05-06,0.48388227150361895
2021-05-07,7.179569126036291
2021-05-10,-1.6441955696591952
2021-05-11,0.4131398523338132
2021-05-12,-3.2437329604880336
2021-05-13,-5.856776297832324
2021-05-14,2.7742285498644104
2021-05-17,0.44914549479394683
2021-05-18,-0.3295298254005277
2021-05-19,-4.604398854042744
2021-05-20,1.1678910605661077
2021-05-21,-2.5944421044324533
2021-05-24,2.4304778922548786
2021-05-25,-1.2101908361427152
2021-05-26,0.5849260971291539
2021-05-27,3.3005631797067725
2021-05-28,1.3875616797472283
2021-06-01,4.249804674481447
2021-06-02,-0.00952860469737999
2021-06-03,-9.492399342323994
2021-06-04,0.5712205283396247
2021-06-07,3.0129004248644047
2021-06-08,0.23047789225489004
2021-06-09,-2.2148600255958404
2021-06-10,0.6655993149025914
2021-06-11,0.8438828818551815
2021-06-14,3.0302313574816035
2021-06-15,-3.29552308430761
2021-06-16,-2.4728617345801926
2021-06-17,1.165602366660421
2021-06-18,1.7518906943551418
2021-06-21,-2.529110073182459
2021-06-22,-5.567523206377962
2021-06-23,2.029143270302654
2021-06-24,5.1909350082620005
2021-06-25,-1.2894484169729434
2021-06-28,2.7775641211534956
2021-06-29,0.46714476237206615
2021-06-30,-0.47419535274423225
2021-07-01,0.8129259750589153
2021-07-02,3.519893013691119
2021-07-06,-1.1351006737683853
2021-07-07,-4.4975250374326725
2021-07-08,-2.3501963293067267
2021-07-09,-1.6297314956443234
2021-07-12,7.344554268573988
2021-07-13,1.7642279395128988
2021-07-14,-2.2241882454403656
2021-07-15,-0.6381937658302096
2021-07-16,-2.2910657241598518
2021-07-19,-1.778782523418256
2021-07-20,3.062903476622217
2021-07-21,1.598471056317373
2021-07-22,-1.2908640539161527
2021-07-23,-2.2650616958396075
2021-07-26,3.0085526816598804
2021-07-27,-3.1517724266981237
2021-07-28,-5.123519910479508
2021-07-29,1.4104756677635633
2021-07-30,0.3009264633401028
2021-08-02,3.501225411151994
2021-08-03,1.031564975645643
2021-08-04,0.8478027213565094
2021-08-05,1.6924764001854553
2021-08-06,-3.563062794472403
2021-08-09,1.5032182090036077
2021-08-10,-0.2691064110730613
2021-08-11,-1.9808532845029339
2021-08-12,4.549138387490103
2021-08-13,0.8048015854102868
2021-08-16,-9.890250113750495
