,trend
2010-06-29,1.5166667938232612
2010-06-30,1.4456400966644454
2010-07-01,1.3998667955398787
2010-07-02,1.292000007629392
2010-07-06,1.207066607475301
2010-07-07,1.1462666034698512
2010-07-08,1.1176000118255691
2010-07-09,1.1446666002273738
2010-07-12,1.1985333919525223
2010-07-13,1.230933380126943
2010-07-14,1.2741333961486692
2010-07-15,1.3389333963393963
2010-07-16,1.3677334070205638
2010-07-19,1.3728000164031857
2010-07-20,1.3876000165939104
2010-07-21,1.396266603469836
2010-07-22,1.3834666013717727
2010-07-23,1.3868000030517478
2010-07-26,1.393466591835027
2010-07-27,1.384800004959099
2010-07-28,1.3667999982834014
2010-07-29,1.3664000034332149
2010-07-30,1.3850666046142655
2010-08-02,1.392266607284556
2010-08-03,1.3935997962951736
2010-08-04,1.3889332056045331
2010-08-05,1.3713331937789615
2010-08-06,1.3323999881744006
2010-08-09,1.2875999927520627
2010-08-10,1.249600005149811
2010-08-11,1.2326666116714504
2010-08-12,1.2217332124710336
2010-08-13,1.223333215713511
2010-08-16,1.2349332094192504
2010-08-17,1.2507999897003428
2010-08-18,1.261199975013743
2010-08-19,1.2791999816894783
2010-08-20,1.2798665761947707
2010-08-23,1.2949333667755305
2010-08-24,1.307733368873619
2010-08-25,1.31573338508609
2010-08-26,1.312266778945928
2010-08-27,1.3160001754760666
2010-08-30,1.3233333826064888
2010-08-31,1.3407999992370783
2010-09-01,1.358799982070923
2010-09-02,1.3677331924438427
2010-09-03,1.3866663932800445
2010-09-07,1.390133190155047
2010-09-08,1.3782665729522756
2010-09-09,1.373866581916837
2010-09-10,1.3815999746322682
2010-09-13,1.3959999799728622
2010-09-14,1.399066591262825
2010-09-15,1.399866604805008
2010-09-16,1.4044000148773346
2010-09-17,1.3997334241867219
2010-09-20,1.3716002225875854
2010-09-21,1.353200221061699
2010-09-22,1.3514668226242041
2010-09-23,1.3444002151489485
2010-09-24,1.3528002023696875
2010-09-27,1.3809334039688161
2010-09-28,1.3922667980194319
2010-09-29,1.3989333868026885
2010-09-30,1.405066585540774
2010-10-01,1.401333189010653
2010-10-04,1.3810665845871022
2010-10-05,1.3813331842422587
2010-10-06,1.3790665864944383
2010-10-07,1.3690665960312118
2010-10-08,1.3573332071304676
2010-10-11,1.3583998203277943
2010-10-12,1.3626664161682256
2010-10-13,1.3641330242157033
2010-10-14,1.3639998197555492
2010-10-15,1.3614665985107548
2010-10-18,1.362933397293096
2010-10-19,1.3629333972930757
2010-10-20,1.365333390235896
2010-10-21,1.3735999822616831
2010-10-22,1.3910665988921993
2010-10-25,1.3957331895828324
2010-10-26,1.40160000324248
2010-10-27,1.4165333986282576
2010-10-28,1.4240000009536669
2010-10-29,1.4225333929061992
2010-11-01,1.4328000068664677
2010-11-02,1.4822665929794463
2010-11-03,1.5169332027435303
2010-11-04,1.5645332098007152
2010-11-05,1.6095998048782247
2010-11-08,1.7107997894287186
2010-11-09,1.752666401863093
2010-11-10,1.8246664047241137
2010-11-11,1.9022664070129698
2010-11-12,1.969466423988355
2010-11-15,1.9711998224258347
2010-11-16,1.9958666086197179
2010-11-17,2.0111999988555933
2010-11-18,2.045866775512703
2010-11-19,2.111200165748586
2010-11-22,2.1909335613250858
2010-11-23,2.263333559036265
2010-11-24,2.3078669548034796
2010-11-26,2.333600187301656
2010-11-29,2.3306667804717915
2010-11-30,2.289066791534406
2010-12-01,2.2380000114441043
2010-12-02,2.1844000339508236
2010-12-03,2.134133434295657
2010-12-06,2.1077334403991927
2010-12-07,2.1037334442138924
2010-12-08,2.104133415222191
2010-12-09,2.1073334217071684
2010-12-10,2.0669333934783936
2010-12-13,2.029999995231631
2010-12-14,2.0134665727615713
2010-12-15,2.011333394050608
2010-12-16,2.0266665697098007
2010-12-17,2.076399970054644
2010-12-20,2.1167999744415336
2010-12-21,2.1072000026702833
2010-12-22,2.0297332048416137
2010-12-23,1.959200000762932
2010-12-27,1.8988000154495543
2010-12-28,1.8170668125152563
2010-12-29,1.7709334135055694
2010-12-30,1.7852002143860015
2010-12-31,1.7886668205261194
2011-01-03,1.7766668081283594
2011-01-04,1.7950668096542246
2011-01-05,1.8165335893630983
2011-01-06,1.8409335851669248
2011-01-07,1.8448001861572254
2011-01-10,1.8465333938598785
2011-01-11,1.8243999958038444
2011-01-12,1.7912000179290786
2011-01-13,1.7537332057952906
2011-01-14,1.714666604995744
2011-01-18,1.6568000078201446
2011-01-19,1.6144000053406016
2011-01-20,1.597599983215331
2011-01-21,1.5848000049591078
2011-01-24,1.5944000005722274
2011-01-25,1.6250665903091457
2011-01-26,1.6379999876022289
2011-01-27,1.6328000068664323
2011-01-28,1.6225333929062093
2011-01-31,1.6117333889007632
2011-02-01,1.5945333957672183
2011-02-02,1.5871999979019178
2011-02-03,1.5734665870666682
2011-02-04,1.5811999797821084
2011-02-07,1.5714665889739838
2011-02-08,1.5659999847412136
2011-02-09,1.563199973106397
2011-02-10,1.5633333683014143
2011-02-11,1.541333389282224
2011-02-14,1.5616001844406369
2011-02-15,1.5666667938232421
2011-02-16,1.5657334089279327
2011-02-17,1.5496000051498389
2011-02-18,1.5361331939697342
2011-02-22,1.5067997932434183
2011-02-23,1.506933188438403
2011-02-24,1.516399979591357
2011-02-25,1.543999981880183
2011-02-28,1.5731999874115017
2011-03-01,1.5975999832153347
2011-03-02,1.6154665946960323
2011-03-03,1.6294666051864524
2011-03-04,1.6390666246414287
2011-03-07,1.6484000205993754
2011-03-08,1.6437334299087374
2011-03-09,1.632000207900991
2011-03-10,1.6094667911529668
2011-03-11,1.5866667747497636
2011-03-14,1.5613333702087504
2011-03-15,1.5453333616256486
2011-03-16,1.5305333614349492
2011-03-17,1.5235999822616755
2011-03-18,1.5134665966033785
2011-03-21,1.505333399772639
2011-03-22,1.4989334106445262
2011-03-23,1.4961334228515726
2011-03-24,1.5030668020248288
2011-03-25,1.5261335849762014
2011-03-28,1.5461335897445678
2011-03-29,1.618400192260765
2011-03-30,1.6705333948135275
2011-03-31,1.704933404922498
2011-04-01,1.7420000076294047
2011-04-04,1.7790666103363164
2011-04-05,1.7722666025161895
2011-04-06,1.7700000047683666
2011-04-07,1.7625334024429398
2011-04-08,1.7351999998092602
2011-04-11,1.7143999814987159
2011-04-12,1.6863999843597413
2011-04-13,1.6742665767669855
2011-04-14,1.6710665702820002
2011-04-15,1.677866578102132
2011-04-18,1.6888000011444118
2011-04-19,1.7101334095001322
2011-04-20,1.7209334135055796
2011-04-21,1.7462666273117167
2011-04-25,1.7718666315078964
2011-04-26,1.7973332166672107
2011-04-27,1.8087998151779427
2011-04-28,1.8229332208633524
2011-04-29,1.822133207321172
2011-05-02,1.8169332027435532
2011-05-03,1.800666594505338
2011-05-04,1.794266581535352
2011-05-05,1.800399971008301
2011-05-06,1.819866776466385
2011-05-09,1.8249335765838726
2011-05-10,1.8413335800171102
2011-05-11,1.8470669746399078
2011-05-12,1.8296001672744802
2011-05-13,1.7980001688003744
2011-05-16,1.788400173187251
2011-05-17,1.7954667806625417
2011-05-18,1.801066803932195
2011-05-19,1.804000210762029
2011-05-20,1.814133405685445
2011-05-23,1.849200010299698
2011-05-24,1.8662666082382304
2011-05-25,1.8873332023620708
2011-05-26,1.93159978389739
2011-05-27,1.9555997848510693
2011-05-31,1.9526663780212605
2011-06-01,1.961333179473887
2011-06-02,1.949999785423284
2011-06-03,1.926399803161616
2011-06-06,1.907733201980601
2011-06-07,1.8925332069397125
2011-06-08,1.8622663974761762
2011-06-09,1.8586663961410623
2011-06-10,1.8617331981658987
2011-06-13,1.864399814605718
2011-06-14,1.8494666099548442
2011-06-15,1.8313334226607973
2011-06-16,1.7990668058395387
2011-06-17,1.7848000049591115
2011-06-20,1.783333396911601
2011-06-21,1.799466586112961
2011-06-22,1.8137331962585348
2011-06-23,1.8330666065216066
2011-06-24,1.8407999992370556
2011-06-27,1.855200004577637
2011-06-28,1.8741334199905193
2011-06-29,1.8934668064117484
2011-06-30,1.9158668041229148
2011-07-01,1.9272002220154012
2011-07-05,1.9464002132416076
2011-07-06,1.9421336174011332
2011-07-07,1.9332002162933755
2011-07-08,1.9202668190002443
2011-07-11,1.9160000085830688
2011-07-12,1.8877334117889506
2011-07-13,1.8713334083557331
2011-07-14,1.8564000129700011
2011-07-15,1.8526666164398395
2011-07-18,1.8533334255218912
2011-07-19,1.867866635322591
2011-07-20,1.8906666278839366
2011-07-21,1.9074666261673074
2011-07-22,1.9089334249496763
2011-07-25,1.894933414459249
2011-07-26,1.887866806983973
2011-07-27,1.872933411598226
2011-07-28,1.8766668081283924
2011-07-29,1.8678668022156015
2011-08-01,1.8620000123977611
2011-08-02,1.816400003433263
2011-08-03,1.7640000104904379
2011-08-04,1.695600008964574
2011-08-05,1.6652000188827718
2011-08-08,1.6201334238052774
2011-08-09,1.6274668216705626
2011-08-10,1.6550668001175282
2011-08-11,1.6896002054214831
2011-08-12,1.7034667968750252
2011-08-15,1.7302667856216734
2011-08-16,1.7164000034332174
2011-08-17,1.6629334211349993
2011-08-18,1.6058666229247947
2011-08-19,1.5640000104903973
2011-08-22,1.5378666162490846
2011-08-23,1.522533416748057
2011-08-24,1.5416000127792409
2011-08-25,1.5784000158309786
2011-08-26,1.6006666183471832
2011-08-29,1.6122666120529174
2011-08-30,1.6241332054138284
2011-08-31,1.615333199501068
2011-09-01,1.5917331933975523
2011-09-02,1.5811998128891245
2011-09-06,1.566133213043218
2011-09-07,1.552399802207952
2011-09-08,1.5498664140701193
2011-09-09,1.565066409111028
2011-09-12,1.5717331886291503
2011-09-13,1.5878665924072417
2011-09-14,1.6256000041961873
2011-09-15,1.6641334056854047
2011-09-16,1.6898668050765941
2011-09-19,1.7100000143050997
2011-09-20,1.7208000183105268
2011-09-21,1.728533411025981
2011-09-22,1.7252000093460083
2011-09-23,1.7276000261306663
2011-09-26,1.71080002784728
2011-09-27,1.6906666278838909
2011-09-28,1.6641332387923993
2011-09-29,1.640266633033722
2011-09-30,1.6065332174301048
2011-10-03,1.6169332265853882
2011-10-04,1.6547998189926147
2011-10-05,1.689466404914856
2011-10-06,1.7447998046875406
2011-10-07,1.7974666118621927
2011-10-10,1.8298666000366313
2011-10-11,1.8429333925247395
2011-10-12,1.8570667982101543
2011-10-13,1.8509333848953249
2011-10-14,1.860666584968577
2011-10-17,1.857599997520447
2011-10-18,1.8496000051498516
2011-10-19,1.8493334054947101
2011-10-20,1.8644000053405763
2011-10-21,1.8631999969482322
2011-10-24,1.8686665773391926
2011-10-25,1.8875997781753844
2011-10-26,1.9121329784393413
2011-10-27,1.9230663776397807
2011-10-28,1.9314663887024128
2011-10-31,1.9411998033523763
2011-11-01,1.990533208847056
2011-11-02,2.0230666160583497
2011-11-03,2.0484000205993853
2011-11-04,2.087866830825836
2011-11-07,2.1168002128601477
2011-11-08,2.101733589172343
2011-11-09,2.1194669723510846
2011-11-10,2.145466995239258
2011-11-11,2.1733335971832477
2011-11-14,2.2274668216705122
2011-11-15,2.2588000297546285
2011-11-16,2.2449332237243858
2011-11-17,2.2254663944244384
2011-11-18,2.2006663799285686
2011-11-21,2.154133176803609
2011-11-22,2.127199983596802
2011-11-23,2.1266667842865195
2011-11-25,2.1265336036681926
2011-11-28,2.1354670047759807
2011-11-29,2.150800180435181
2011-11-30,2.1726667881011763
2011-12-01,2.1974668025970256
2011-12-02,2.239066791534414
2011-12-05,2.258400011062612
2011-12-06,2.2356000423431195
2011-12-07,2.205466651916484
2011-12-08,2.151999855041484
2011-12-09,2.0797330617904564
2011-12-12,2.0042664289474286
2011-12-13,1.973999810218801
2011-12-14,1.9334666013717652
2011-12-15,1.8980000019073284
2011-12-16,1.877333402633657
2011-12-19,1.8645334243774414
2011-12-20,1.8532000303268434
2011-12-21,1.8518666267394819
2011-12-22,1.8628000259399313
2011-12-23,1.8709334135055138
2011-12-27,1.8864000082015688
2011-12-28,1.8969334125518598
2011-12-29,1.89933340549469
2011-12-30,1.8878665924071862
2012-01-03,1.8693331956863404
2012-01-04,1.845066595077525
2012-01-05,1.8275999784469807
2012-01-06,1.8214665889740091
2012-01-09,1.8283999919891458
2012-01-10,1.8434665918350424
2012-01-11,1.788533186912557
2012-01-12,1.7798663854599
2012-01-13,1.7690663814545082
2012-01-17,1.749466395378133
2012-01-18,1.7274663925170899
2012-01-19,1.7805331945419514
2012-01-20,1.7914665937423808
2012-01-23,1.806933403015147
2012-01-24,1.8359999895095827
2012-01-25,1.8723999977111818
2012-01-26,1.9097332000732725
2012-01-27,1.9317332029342753
2012-01-30,1.9531997919083148
2012-01-31,1.9706665754318642
2012-02-01,1.994933390617401
2012-02-02,2.02466676235201
2012-02-03,2.0584001779556678
2012-02-06,2.0897336006164755
2012-02-07,2.1208002090454405
2012-02-08,2.120133399963409
2012-02-09,2.1160000324249673
2012-02-10,2.13693323135378
2012-02-13,2.1591998100280763
2012-02-14,2.1805332183838093
2012-02-15,2.232133197784444
2012-02-16,2.2722665786743064
2012-02-17,2.286266565322876
2012-02-21,2.298666572570831
2012-02-22,2.2929331779480386
2012-02-23,2.2749331951141256
2012-02-24,2.2657331943512067
2012-02-27,2.254933214187622
2012-02-28,2.2533331871033018
2012-02-29,2.257199764251719
2012-03-01,2.2591997623443705
2012-03-02,2.249866390228292
2012-03-05,2.2459997653961183
2012-03-06,2.228133201599101
2012-03-07,2.237466621398926
2012-03-08,2.2673334121704003
2012-03-09,2.3070667743683266
2012-03-12,2.3360002040863037
2012-03-13,2.361733388900757
2012-03-14,2.3694667816162314
2012-03-15,2.355733394622823
2012-03-16,2.3406668186187845
2012-03-19,2.3388000011444294
2012-03-20,2.330800008773804
2012-03-21,2.314266633987457
2012-03-22,2.346533250808726
2012-03-23,2.3862664699554443
2012-03-26,2.4222664833068746
2012-03-27,2.461333274841319
2012-03-28,2.503466653823853
2012-03-29,2.492533445358297
2012-03-30,2.4934668064117433
2012-04-02,2.4554667949676614
2012-04-03,2.4174667835235497
2012-04-04,2.362933397293121
2012-04-05,2.307999992370626
2012-04-09,2.2424000263214414
2012-04-10,2.2216000080108746
2012-04-11,2.2097332000732828
2012-04-12,2.1977332115173343
2012-04-13,2.1947998046875306
2012-04-16,2.1890664100646973
2012-04-17,2.185333204269389
2012-04-18,2.17960000038148
2012-04-19,2.175466585159312
2012-04-20,2.1698665618896587
2012-04-23,2.1731999397277835
2012-04-24,2.1775999546051126
2012-04-25,2.179999971389801
2012-04-26,2.1958667755126853
2012-04-27,2.2220002174377647
2012-04-30,2.235733604431173
2012-05-01,2.2220002174377647
2012-05-02,2.2018668174743854
2012-05-03,2.193066787719767
2012-05-04,2.1452001571655073
2012-05-07,2.0934667587280678
2012-05-08,2.1001333713531394
2012-05-09,2.105733394622843
2012-05-10,2.073600006103546
2012-05-11,2.063466620445292
2012-05-14,2.0517332315444947
2012-05-15,1.993200016021769
2012-05-16,1.9306665897369588
2012-05-17,1.9134665966033937
2012-05-18,1.9317332029342753
2012-05-21,1.9562666177749735
2012-05-22,1.9790666103363441
2012-05-23,2.00906662940978
2012-05-24,2.048000049591044
2012-05-25,2.042800045013448
2012-05-29,2.022533440589895
2012-05-30,1.9941334486007691
2012-05-31,1.9684002399444378
2012-06-01,1.9180002212524314
2012-06-04,1.90213360786438
2012-06-05,1.8945335865020652
2012-06-06,1.9202667713165082
2012-06-07,1.9367999792099
2012-06-08,1.960133171081543
2012-06-11,1.9674665689468283
2012-06-12,1.9735997676849466
2012-06-13,1.9713331699371137
2012-06-14,2.007599973678599
2012-06-15,2.039999985694885
2012-06-18,2.09346661567688
2012-06-19,2.130800008773834
2012-06-20,2.1825334072113036
2012-06-21,2.199466609954824
2012-06-22,2.1930665969848575
2012-06-25,2.168799972534178
2012-06-26,2.158400011062628
2012-06-27,2.1250666141509917
2012-06-28,2.0889334201812564
2012-06-29,2.076266813278203
2012-07-02,2.0665334224701004
2012-07-03,2.0609333992004406
2012-07-05,2.0636000156402585
2012-07-06,2.0751999855041587
2012-07-09,2.08653340339663
2012-07-10,2.1061334133148364
2012-07-11,2.1496000289917045
2012-07-12,2.2092000007629347
2012-07-13,2.2369331836700397
2012-07-16,2.245466375350977
2012-07-17,2.2397329807281476
2012-07-18,2.20693297386169
2012-07-19,2.136266374588036
2012-07-20,2.0894664049148624
2012-07-23,2.0467998027801455
2012-07-24,1.991599774360672
2012-07-25,1.9611997604370266
2012-07-26,1.9170663833618125
2012-07-27,1.8847997665405296
2012-07-30,1.8487997770309657
2012-07-31,1.8217331886291708
2012-08-01,1.791866588592542
2012-08-02,1.804133391380331
2012-08-03,1.8418667793274062
2012-08-06,1.8797333717346414
2012-08-07,1.9238667726516856
2012-08-08,1.9594667911529593
2012-08-09,1.9981333971023905
2012-08-10,1.9870666265487946
2012-08-13,1.9912000417709332
2012-08-14,2.00306663513184
2012-08-15,2.0040000438690257
2012-08-16,1.981866621971144
2012-08-17,1.9777334213256983
2012-08-20,1.9850668191909964
2012-08-21,1.9908002138137966
2012-08-22,1.9840002059936688
2012-08-23,1.9681336164474554
2012-08-24,1.9625336170196623
2012-08-27,1.9420002222061266
2012-08-28,1.911066842079155
2012-08-29,1.8980000257492198
2012-08-30,1.8956000328063916
2012-08-31,1.8856000185012594
2012-09-04,1.8874665975570744
2012-09-05,1.899999976158139
2012-09-06,1.8846667766570884
2012-09-07,1.8801333665847764
2012-09-10,1.8846665620804004
2012-09-11,1.8970665693283226
2012-09-12,1.9109331846237412
2012-09-13,1.979866385459882
2012-09-14,2.0270663976669563
2012-09-17,2.063999795913717
2012-09-18,2.082933187484744
2012-09-19,2.077999782562267
2012-09-20,2.05293316841128
2012-09-21,2.0038665533065805
2012-09-24,1.9570665597915675
2012-09-25,1.9249331712723
2012-09-26,1.9150665760040442
2012-09-27,1.8950665950775105
2012-09-28,1.9236000061035308
2012-10-01,1.9470666170120468
2012-10-02,1.9592000246048182
2012-10-03,1.9540000200271805
2012-10-04,1.95520002841951
2012-10-05,1.9361332178115922
2012-10-08,1.9241332054138462
2012-10-09,1.9097332000732588
2012-10-10,1.8930665969848646
2012-10-11,1.867466592788685
2012-10-12,1.8633333921432471
2012-10-15,1.8689333915710589
2012-10-16,1.8651999950408937
2012-10-17,1.8665332078933514
2012-10-18,1.8734666109085172
2012-10-19,1.877866625785815
2012-10-22,1.8592000246047924
2012-10-23,1.8522668123245303
2012-10-24,1.8474668025970549
2012-10-25,1.8511999845504634
2012-10-26,1.8626665830612221
2012-10-31,1.882666587829595
2012-11-01,1.93573317527772
2012-11-02,1.9859999895095826
2012-11-05,2.031466817855829
2012-11-06,2.0589334011077933
2012-11-07,2.07760000228883
2012-11-08,2.0718666076660197
2012-11-09,2.0779997825622334
2012-11-12,2.0758663654327343
2012-11-13,2.069333171844494
2012-11-14,2.0895999908447203
2012-11-15,2.11426682472228
2012-11-16,2.1328002452850265
2012-11-19,2.147333621978761
2012-11-20,2.1648002147674332
2012-11-21,2.1705334186553906
2012-11-23,2.160266590118403
2012-11-26,2.1633331775665448
2012-11-27,2.1795998096466054
2012-11-28,2.202133226394651
2012-11-29,2.2334666252136155
2012-11-30,2.256800031661981
2012-12-03,2.2632000446319758
2012-12-04,2.266000032424919
2012-12-05,2.2706666469573964
2012-12-06,2.270000028610236
2012-12-07,2.2884000301360845
2012-12-10,2.3090668201446345
2012-12-11,2.305200242996212
2012-12-12,2.3004002094268925
2012-12-13,2.298133420944213
2012-12-14,2.288933420181301
2012-12-17,2.2802666187286253
2012-12-18,2.2911997795105106
2012-12-19,2.293733167648318
2012-12-20,2.2921331405639496
2012-12-21,2.2787997245788523
2012-12-24,2.2665331363678054
2012-12-26,2.250399971008302
2012-12-27,2.248666572570791
2012-12-28,2.2630665779113794
2012-12-31,2.27880001068116
2013-01-02,2.2882666110992305
2013-01-03,2.3031998157501157
2013-01-04,2.3006664276123137
2013-01-07,2.277733230590833
2013-01-08,2.261199808120725
2013-01-09,2.2413331985473848
2013-01-10,2.2269331932067886
2013-01-11,2.2298666000366314
2013-01-14,2.23599982261658
2013-01-15,2.2473332405090436
2013-01-16,2.268799829483016
2013-01-17,2.294533205032346
2013-01-18,2.322533226013185
2013-01-22,2.3610666275024252
2013-01-23,2.3957332134246614
2013-01-24,2.4425332069396823
2013-01-25,2.47933320999144
2013-01-28,2.499599790573114
2013-01-29,2.5065331935882518
2013-01-30,2.5241332054138197
2013-01-31,2.520266628265376
2013-02-01,2.5226666450500463
2013-02-04,2.5446666240692113
2013-02-05,2.570933198928833
2013-02-06,2.5834665775299097
2013-02-07,2.592533159255964
2013-02-08,2.5893331527709837
2013-02-11,2.579733180999728
2013-02-12,2.563599777221657
2013-02-13,2.5342663764953364
2013-02-14,2.5457331657409465
2013-02-15,2.554399776458725
2013-02-19,2.510533189773542
2013-02-20,2.4817331790923745
2013-02-21,2.4462666034698284
2013-02-22,2.3815998077392426
2013-02-25,2.3357331752776873
2013-02-26,2.3313331604003706
2013-02-27,2.3118665695190304
2013-02-28,2.327866554260249
2013-03-01,2.357466554641716
2013-03-04,2.3919999599456787
2013-03-05,2.4373333454132005
2013-03-06,2.4882667541503656
2013-03-07,2.5352001667022805
2013-03-08,2.5681335926055806
2013-03-11,2.585333585739131
2013-03-12,2.566933584213262
2013-03-13,2.5245336055755363
2013-03-14,2.471866798400869
2013-03-15,2.4180001735687204
2013-03-18,2.377600193023692
2013-03-19,2.366400194168076
2013-03-20,2.3841333866119387
2013-03-21,2.4158668041229197
2013-03-22,2.4529334068298443
2013-03-25,2.4823999881744436
2013-03-26,2.5074666023254397
2013-03-27,2.6049334049224906
2013-03-28,2.695733404159546
2013-04-01,2.7389334201812643
2013-04-02,2.7902668476104786
2013-04-03,2.836666822433477
2013-04-04,2.808666801452652
2013-04-05,2.7574667930603027
2013-04-08,2.76760020256042
2013-04-09,2.7886667728423924
2013-04-10,2.8204001903533986
2013-04-11,2.8400002002715916
2013-04-12,2.90786681175234
2013-04-15,2.9557333946227877
2013-04-16,3.0008000373840487
2013-04-17,3.055200052261368
2013-04-18,3.1470666408538746
2013-04-19,3.219333410263039
2013-04-22,3.285733413696279
2013-04-23,3.352800178527822
2013-04-24,3.397733354568474
2013-04-25,3.461066770553564
2013-04-26,3.500799989700295
2013-04-29,3.538800001144394
2013-04-30,3.5669332027435177
2013-05-01,3.6116000175476124
2013-05-02,3.672399997711187
2013-05-03,3.692666769027705
2013-05-06,3.726133346557615
2013-05-07,3.930000162124634
2013-05-08,4.226133346557617
2013-05-09,4.603466558456429
2013-05-10,4.973199796676626
2013-05-13,5.360533237457266
2013-05-14,5.665199851989718
2013-05-15,5.861733245849607
2013-05-16,5.890266609191895
2013-05-17,5.948266601562485
2013-05-20,5.980266571044915
2013-05-21,5.98666658401489
2013-05-22,6.061066627502422
2013-05-23,6.332933235168444
2013-05-24,6.560133266448955
2013-05-28,6.796266651153545
2013-05-29,6.86333322525024
2013-05-30,6.803466606140135
2013-05-31,6.596933460235599
2013-06-03,6.473466777801521
2013-06-04,6.372133350372315
2013-06-05,6.429200172424307
2013-06-06,6.528666782379135
2013-06-07,6.523733329772967
2013-06-10,6.55520000457764
2013-06-11,6.566266632080061
2013-06-12,6.5430665969848585
2013-06-13,6.571733188629145
2013-06-14,6.690666580200181
2013-06-17,6.783333301544174
2013-06-18,6.81626672744751
2013-06-19,6.806266689300532
2013-06-20,6.796800041198708
2013-06-21,6.783600044250473
2013-06-24,6.7974666595458935
2013-06-25,6.912133216857918
2013-06-26,7.016266441345195
2013-06-27,7.225466442108134
2013-06-28,7.431066513061514
2013-07-01,7.557999897003164
2013-07-02,7.702533245086645
2013-07-03,7.892533302307129
2013-07-05,7.976133251190186
2013-07-08,8.035466384887705
2013-07-09,8.173732948303218
2013-07-10,8.304533004760732
2013-07-11,8.379866409301767
2013-07-12,8.18786649703979
2013-07-15,8.16093339920044
2013-07-16,8.07320003509521
2013-07-17,7.936933422088623
2013-07-18,7.872533321380626
2013-07-19,8.055066680908183
2013-07-22,8.074399757385239
2013-07-23,8.141599750518784
2013-07-24,8.271066474914546
2013-07-25,8.43359985351561
2013-07-26,8.55359992980957
2013-07-29,8.721333312988271
2013-07-30,8.874400138854991
2013-07-31,8.989200019836401
2013-08-01,9.12333335876466
2013-08-02,9.262133407592763
2013-08-05,9.2614667892456
2013-08-06,9.500533485412587
2013-08-07,9.700533485412603
2013-08-08,9.736533355712892
2013-08-09,9.78026638031008
2013-08-12,9.848666381835908
2013-08-13,9.664532852172831
2013-08-14,9.517866325378398
2013-08-15,9.484799766540533
2013-08-16,9.540133285522456
2013-08-19,9.653466606140126
2013-08-20,9.885866737365703
2013-08-21,10.150399971008312
2013-08-22,10.407999992370591
2013-08-23,10.640399932861333
2013-08-26,10.888266754150395
2013-08-27,11.007733535766597
2013-08-28,11.103200340270977
2013-08-29,11.166133689880366
2013-08-30,11.21426715850829
2013-09-03,11.260667037963877
2013-09-04,11.272800254821748
2013-09-05,11.162133407592775
2013-09-06,11.127866744995098
2013-09-09,11.033199882507335
2013-09-10,10.966533088684082
2013-09-11,10.94746646881104
2013-09-12,11.025866508483878
2013-09-13,11.023999786376974
2013-09-16,11.05999984741211
2013-09-17,11.233199882507336
2013-09-18,11.471199798583985
2013-09-19,11.66493320465089
2013-09-20,11.879599761962895
2013-09-23,12.133199691772466
2013-09-24,12.276133155822745
2013-09-25,12.376266670227077
2013-09-26,12.539733123779287
2013-09-27,12.681999969482412
2013-09-30,12.624799919128408
2013-10-01,12.420399856567373
2013-10-02,12.288133049011211
2013-10-03,12.150799942016612
2013-10-04,11.907200050354014
2013-10-07,11.74493350982668
2013-10-08,11.739867019653321
2013-10-09,11.709466934204112
2013-10-10,11.66480007171634
2013-10-11,11.78759994506837
2013-10-14,11.984666633605958
2013-10-15,12.116266632080068
2013-10-16,12.17893352508547
2013-10-17,12.084000396728536
2013-10-18,11.918667030334452
2013-10-21,11.664533805847139
2013-10-22,11.535866928100587
2013-10-23,11.352666854858398
2013-10-24,11.222800064086904
2013-10-25,11.128533554077158
2013-10-28,11.058133506774892
2013-10-29,10.88200035095216
2013-10-30,10.7821334838867
2013-10-31,10.94666690826417
2013-11-01,11.111199951171875
2013-11-04,11.003733253479014
2013-11-05,10.734799766540528
2013-11-06,10.411866569519054
2013-11-07,10.005199813842774
2013-11-08,9.485066795349162
2013-11-11,9.318933486938457
2013-11-12,9.29000015258785
2013-11-13,9.25666675567626
2013-11-14,8.948400115966807
2013-11-15,8.792266654968252
2013-11-18,8.55773334503177
2013-11-19,8.351066780090333
2013-11-20,8.163466835022003
2013-11-21,8.153600120544423
2013-11-22,8.07906665802003
2013-11-25,8.156800079345674
2013-11-26,8.22586669921875
2013-11-27,8.263066673278809
2013-11-29,8.58120002746582
2013-12-02,8.827200126647929
2013-12-03,9.007733154296895
2013-12-04,9.142133140563915
2013-12-05,9.374533081054668
2013-12-06,9.341066360473613
2013-12-09,9.350399780273417
2013-12-10,9.443599891662577
2013-12-11,9.580799865722657
2013-12-12,9.665333366394023
2013-12-13,9.802266693115255
2013-12-16,9.913333129882814
2013-12-17,9.823333168029805
2013-12-18,9.764533042907726
2013-12-19,9.705999565124522
2013-12-20,9.691999626159658
2013-12-23,9.792266464233398
2013-12-24,9.93093318939208
2013-12-26,10.053600120544454
2013-12-27,10.145333671569814
2013-12-30,10.127867126464844
2013-12-31,10.048667144775381
2014-01-02,9.99373378753661
2014-01-03,9.952666854858398
2014-01-06,9.963999938964845
2014-01-07,9.929733085632314
2014-01-08,9.878533172607453
2014-01-09,9.776399803161622
2014-01-10,9.935199928283712
2014-01-13,10.106533432006836
2014-01-14,10.41906681060793
2014-01-15,10.74293327331543
2014-01-16,11.240800094604493
2014-01-17,11.471333503723145
2014-01-21,11.702933502197286
2014-01-22,11.751333618164043
2014-01-23,11.746133613586405
2014-01-24,11.768800163269043
2014-01-27,11.72440013885498
2014-01-28,11.742266654968262
2014-01-29,11.83306655883789
2014-01-30,11.932933235168457
2014-01-31,11.937599754333517
2014-02-03,11.926799774169922
2014-02-04,11.867333221435588
2014-02-05,11.935599899291972
2014-02-06,12.194933319091817
2014-02-07,12.433466720581015
2014-02-10,12.71213321685789
2014-02-11,12.995466613769532
2014-02-12,13.15146656036379
2014-02-13,13.246666526794414
2014-02-14,13.206933212280253
2014-02-18,13.402266693115235
2014-02-19,13.535199928283712
2014-02-20,13.794133377075196
2014-02-21,14.38479995727539
2014-02-24,15.17626667022705
2014-02-25,15.743866729736348
2014-02-26,16.21333351135254
2014-02-27,16.652133560180683
2014-02-28,16.743333435058595
2014-03-03,16.738800048828146
2014-03-04,16.744133377075197
2014-03-05,16.76279983520508
2014-03-06,16.60653305053713
2014-03-07,16.33413314819336
2014-03-10,16.185199737548828
2014-03-11,15.983199691772462
2014-03-12,15.779999732971172
2014-03-13,15.715199851989768
2014-03-14,15.790266609191915
2014-03-17,15.714933395385742
2014-03-18,15.676533508300802
2014-03-19,15.648800086975099
2014-03-20,15.464666748046897
2014-03-21,15.203333473205607
2014-03-24,14.898266792297344
2014-03-25,14.530399894714376
2014-03-26,14.310133361816426
2014-03-27,14.153866577148458
2014-03-28,14.107600021362305
2014-03-31,14.338666725158712
2014-04-01,14.579733467102052
2014-04-02,14.57786693573
2014-04-03,14.565467071533204
2014-04-04,14.545333671569825
2014-04-07,14.36720027923584
2014-04-08,14.084400367736837
2014-04-09,13.971733474731465
2014-04-10,13.846000099182149
2014-04-11,13.558666610717774
2014-04-14,13.321066665649456
2014-04-15,13.240133285522482
2014-04-16,13.248133277893107
2014-04-17,13.522133255004903
2014-04-21,13.70986671447758
2014-04-22,13.82653331756594
2014-04-23,13.849599838256877
2014-04-24,13.771333312988281
2014-04-25,13.615066719055156
2014-04-28,13.613733291625957
2014-04-29,13.61200008392332
2014-04-30,13.759466934204122
2014-05-01,14.000800323486308
2014-05-02,14.005600357055664
2014-05-05,13.918400382995626
2014-05-06,13.529866981506329
2014-05-07,13.147867012023926
2014-05-08,12.722000122070312
2014-05-09,12.493733215332032
2014-05-12,12.350666618347148
2014-05-13,12.48400001525879
2014-05-14,12.607999992370607
2014-05-15,12.760266876220703
2014-05-16,12.82880039215084
2014-05-19,12.94653377532957
2014-05-20,13.163733673095704
2014-05-21,13.37360019683838
2014-05-22,13.579866790771485
2014-05-23,13.77906665802004
2014-05-27,13.922933197021484
2014-05-28,13.961466407775879
2014-05-29,13.926799774169902
2014-05-30,13.838533210754415
2014-06-02,13.755199813842754
2014-06-03,13.710666465759278
2014-06-04,13.715999984741192
2014-06-05,13.72413330078125
2014-06-06,13.688933181762696
2014-06-09,13.695333290100098
2014-06-10,13.650266647338848
2014-06-11,13.62693328857422
2014-06-12,13.884266662597657
2014-06-13,14.27586669921877
2014-06-16,14.577866554260215
2014-06-17,14.90146656036377
2014-06-18,15.210399818420411
2014-06-19,15.378533172607423
2014-06-20,15.389599800109844
2014-06-23,15.519866752624532
2014-06-24,15.624000167846681
2014-06-25,15.750266838073731
2014-06-26,15.788133430480958
2014-06-27,15.884399986267091
2014-06-30,15.784933090209961
2014-07-01,15.700266265869162
2014-07-02,15.481599617004395
2014-07-03,15.201733016967795
2014-07-07,14.979599952697754
2014-07-08,14.846666717529297
2014-07-09,14.698400115966807
2014-07-10,14.752266693115235
2014-07-11,14.759066772460958
2014-07-14,14.680399894714355
2014-07-15,14.626266479492188
2014-07-16,14.65146656036379
2014-07-17,14.569333457946778
2014-07-18,14.569333457946778
2014-07-21,14.640400314331055
2014-07-22,14.748933792114258
2014-07-23,14.796267127990724
2014-07-24,14.85333366394045
2014-07-25,14.92573356628416
2014-07-28,15.011466789245606
2014-07-29,15.008266830444317
2014-07-30,15.137600135803224
2014-07-31,15.320266723632812
2014-08-01,15.5
2014-08-04,15.766799926757793
2014-08-05,16.15466651916504
2014-08-06,16.352799797058065
2014-08-07,16.630133247375507
2014-08-08,16.916400146484374
2014-08-11,17.068133544921874
2014-08-12,17.188000106811504
2014-08-13,17.373066711425782
2014-08-14,17.381333160400352
2014-08-15,17.3386661529541
2014-08-18,17.27733268737791
2014-08-19,17.18346595764158
2014-08-20,17.11373291015623
2014-08-21,17.14853286743164
2014-08-22,17.214933013915996
2014-08-25,17.315466308593752
2014-08-26,17.442399978637656
2014-08-27,17.61466636657715
2014-08-28,17.902266693115195
2014-08-29,18.16160011291504
2014-09-02,18.465466690063458
2014-09-03,18.64586639404299
2014-09-04,18.811333084106487
2014-09-05,18.7361328125
2014-09-08,18.734932708740235
2014-09-09,18.65853271484377
2014-09-10,18.68266601562498
2014-09-11,18.30599937438965
2014-09-12,18.069466400146485
2014-09-15,17.80653305053713
2014-09-16,17.586666488647463
2014-09-17,17.32159996032717
2014-09-18,17.2705333709717
2014-09-19,17.132799911499024
2014-09-22,17.009600067138674
2014-09-23,16.784666824340842
2014-09-24,16.61506690979004
2014-09-25,16.55146713256838
2014-09-26,16.448400497436523
2014-09-29,16.289733886718793
2014-09-30,16.34933395385742
2014-10-01,16.464133834838886
2014-10-02,16.66893348693849
2014-10-03,16.894133377075217
2014-10-06,17.147999954223632
2014-10-07,17.222533416748057
2014-10-08,16.978533363342304
2014-10-09,16.49813346862796
2014-10-10,16.064666748046886
2014-10-13,15.67026653289796
2014-10-14,15.261466407775854
2014-10-15,15.135733032226584
2014-10-16,15.21413307189944
2014-10-17,15.324533081054701
2014-10-20,15.343199920654294
2014-10-21,15.462399864196795
2014-10-22,15.565866661071787
2014-10-23,15.448533248901388
2014-10-24,15.547600173950185
2014-10-27,15.640933418273939
2014-10-28,15.685866928100587
2014-10-29,15.772000122070306
2014-10-30,16.050933456420903
2014-10-31,15.999733352661144
2014-11-03,15.904666709899892
2014-11-04,15.938799858093267
2014-11-05,15.918799781799294
2014-11-06,15.910000038146974
2014-11-07,16.071999931335455
2014-11-10,16.313733291625987
2014-11-11,16.45346679687499
2014-11-12,16.699866867065438
2014-11-13,16.860533142089846
2014-11-14,16.94879989624022
2014-11-17,16.930666732788065
2014-11-18,16.890800094604487
2014-11-19,16.678800201416017
2014-11-20,16.58200035095216
2014-11-21,16.453866958618164
2014-11-24,16.463200378417984
2014-11-25,16.407333374023434
2014-11-26,16.258800125122086
2014-11-28,16.054933547973608
2014-12-01,15.804400253295913
2014-12-02,15.535600090026836
2014-12-03,15.258133506774898
2014-12-04,15.027733421325664
2014-12-05,14.833866691589357
2014-12-08,14.574399948120144
2014-12-09,14.315733146667482
2014-12-10,14.092933273315403
2014-12-11,13.955333328247091
2014-12-12,13.700933265686041
2014-12-15,13.6473331451416
2014-12-16,13.772399902343755
2014-12-17,13.936266517639176
2014-12-18,14.183733177185044
2014-12-19,14.49253311157227
2014-12-22,14.711733245849599
2014-12-23,14.839199829101577
2014-12-24,14.924799728393555
2014-12-26,14.919866371154775
2014-12-29,14.93906650543212
2014-12-30,14.899733352661134
2014-12-31,14.663333320617657
2015-01-02,14.470933341979991
2015-01-05,14.320533180236811
2015-01-06,14.163333129882828
2015-01-07,13.994666290283213
2015-01-08,13.88959980010988
2015-01-09,13.795866584777858
2015-01-12,13.552400016784688
2015-01-13,13.302400016784679
2015-01-14,13.121199989318866
2015-01-15,12.98413314819334
2015-01-16,12.881733131408682
2015-01-20,13.000799751281738
2015-01-21,13.126399803161641
2015-01-22,13.306133270263652
2015-01-23,13.493466758728045
2015-01-26,13.53080005645752
2015-01-27,13.57853355407716
2015-01-28,13.609333419799787
2015-01-29,13.667866706848157
2015-01-30,13.832933235168465
2015-02-02,14.08866653442383
2015-02-03,14.299199867248548
2015-02-04,14.482666778564464
2015-02-05,14.569866752624499
2015-02-06,14.542266845703125
2015-02-09,14.465600395202612
2015-02-10,14.224133682250978
2015-02-11,14.042933654785163
2015-02-12,13.867866897583013
2015-02-13,13.71013355255127
2015-02-17,13.69560012817385
2015-02-18,13.885333442687989
2015-02-19,13.932933425903306
2015-02-20,13.929733467102048
2015-02-23,13.920400047302245
2015-02-24,13.860133361816413
2015-02-25,13.676533317565934
2015-02-26,13.543066406250016
2015-02-27,13.482399749755883
2015-03-02,13.464799880981444
2015-03-03,13.377333068847651
2015-03-04,13.251199722290009
2015-03-05,13.165199851989744
2015-03-06,13.041999816894535
2015-03-09,12.925999832153328
2015-03-10,12.798533248901368
2015-03-11,12.729199981689474
2015-03-12,12.793466758728037
2015-03-13,12.852266883850113
2015-03-16,12.94520015716552
2015-03-17,13.006266784667995
2015-03-18,13.131599998474153
2015-03-19,13.184000015258805
2015-03-20,13.2771999359131
2015-03-23,13.191733169555695
2015-03-24,13.12186660766602
2015-03-25,12.947466659545904
2015-03-26,12.826666641235354
2015-03-27,12.654000091552772
2015-03-30,12.564533424377451
2015-03-31,12.572399902343758
2015-04-01,12.813733291625987
2015-04-02,12.98279991149904
2015-04-06,13.234799957275406
2015-04-07,13.534799957275421
2015-04-08,13.800133514404298
2015-04-09,13.88920021057131
2015-04-10,13.94533348083497
2015-04-13,13.9474666595459
2015-04-14,13.902266693115248
2015-04-15,13.847466659545919
2015-04-16,13.787333297729504
2015-04-17,13.813333320617676
2015-04-20,13.968133163452126
2015-04-21,14.12679977416993
2015-04-22,14.281999778747574
2015-04-23,14.632399940490728
2015-04-24,14.913333129882808
2015-04-27,15.086800003051774
2015-04-28,15.186133384704583
2015-04-29,15.28746681213381
2015-04-30,15.27360000610348
2015-05-01,15.306533432006844
2015-05-04,15.279600143432617
2015-05-05,15.422933578491206
2015-05-06,15.564000129699716
2015-05-07,15.683733367919922
2015-05-08,15.840933418273936
2015-05-11,16.01093330383301
2015-05-12,16.108266448974586
2015-05-13,16.271332931518547
2015-05-14,16.39479942321778
2015-05-15,16.426799392700193
2015-05-18,16.442399597167963
2015-05-19,16.462666320800803
2015-05-20,16.447866439819332
2015-05-21,16.43066673278808
2015-05-22,16.434533309936523
2015-05-26,16.529199600219712
2015-05-27,16.598266220092775
2015-05-28,16.621199417114255
2015-05-29,16.63306617736817
2015-06-01,16.653866195678745
2015-06-02,16.580133056640623
2015-06-03,16.557999801635763
2015-06-04,16.64920005798339
2015-06-05,16.751200103759786
2015-06-08,16.77400016784667
2015-06-09,16.847200393676772
2015-06-10,16.867867279052735
2015-06-11,16.78906707763676
2015-06-12,16.750666809082055
2015-06-15,16.880133438110384
2015-06-16,17.019866561889643
2015-06-17,17.17746658325197
2015-06-18,17.30293312072756
2015-06-19,17.49693336486817
2015-06-22,17.560400009155295
2015-06-23,17.652399826049837
2015-06-24,17.713466262817402
2015-06-25,17.743199920654316
2015-06-26,17.75106658935549
2015-06-29,17.804133224487344
2015-06-30,17.95386657714845
2015-07-01,18.12226676940917
2015-07-02,18.200400161743175
2015-07-06,18.0230667114258
2015-07-07,17.87333374023438
2015-07-08,17.59506721496583
2015-07-09,17.360933685302726
2015-07-10,17.331200027465837
2015-07-13,17.440266799926764
2015-07-14,17.557066726684546
2015-07-15,17.763866806030276
2015-07-16,18.03186683654787
2015-07-17,18.0468002319336
2015-07-20,18.109866714477544
2015-07-21,18.116799926757785
2015-07-22,17.993466567993174
2015-07-23,17.60346641540529
2015-07-24,17.577466583251958
2015-07-27,17.523466491699203
2015-07-28,17.517999649047866
2015-07-29,17.527866363525398
2015-07-30,17.620933151245143
2015-07-31,17.640399932861325
2015-08-03,17.724533462524427
2015-08-04,17.449066925048832
2015-08-05,17.13386688232422
2015-08-06,16.8825336456299
2015-08-07,16.497066879272467
2015-08-10,16.070933532714857
2015-08-11,16.022666931152354
2015-08-12,16.031200027465815
2015-08-13,16.215866470336923
2015-08-14,16.527199554443367
2015-08-17,16.754932785034175
2015-08-18,16.750532531738273
2015-08-19,16.585466194152833
2015-08-20,16.10386638641358
2015-08-21,15.561333274841305
2015-08-24,15.15586662292482
2015-08-25,15.166666793823254
2015-08-26,15.402799797058112
2015-08-27,15.80533313751221
2015-08-28,16.05333309173586
2015-08-31,16.357999801635756
2015-09-01,16.39239959716795
2015-09-02,16.305066680908215
2015-09-03,16.293199920654278
2015-09-04,16.43026657104493
2015-09-08,16.440799713134773
2015-09-09,16.50306663513182
2015-09-10,16.653199768066383
2015-09-11,16.725199890136718
2015-09-14,16.903066635131832
2015-09-15,17.084266662597656
2015-09-16,17.222666549682618
2015-09-17,17.3694664001465
2015-09-18,17.46773300170899
2015-09-21,17.451866149902344
2015-09-22,17.465866088867188
2015-09-23,17.416399383544956
2015-09-24,17.20613288879394
2015-09-25,17.01559944152832
2015-09-28,16.84679946899414
2015-09-29,16.53693294525148
2015-09-30,16.412399864196797
2015-10-01,16.38199977874756
2015-10-02,16.312800025939946
2015-10-05,16.093600082397472
2015-10-06,15.918133544921876
2015-10-07,15.55973358154299
2015-10-08,15.152133560180673
2015-10-09,14.856000137329122
2015-10-12,14.654933547973634
2015-10-13,14.582800102233877
2015-10-14,14.667066574096703
2015-10-15,14.834000015258825
2015-10-16,14.751066589355469
2015-10-19,14.660533142089859
2015-10-20,14.532666587829567
2015-10-21,14.293733215332033
2015-10-22,14.122533226013195
2015-10-23,14.086799812316908
2015-10-26,14.12506656646727
2015-10-27,14.123866653442409
2015-10-28,14.095066642761234
2015-10-29,14.075466728210467
2015-10-30,14.048800277709962
2015-11-02,14.297733688354498
2015-11-03,14.566266822814939
2015-11-04,14.905333709716793
2015-11-05,15.059200286865252
2015-11-06,15.167866897583009
2015-11-09,15.000533485412603
2015-11-10,14.749466896057124
2015-11-11,14.41386680603025
2015-11-12,14.26693325042723
2015-11-13,14.233600044250483
2015-11-16,14.260133361816397
2015-11-17,14.378266716003424
2015-11-18,14.549199867248543
2015-11-19,14.595066833496105
2015-11-20,14.6517333984375
2015-11-23,14.765999984741217
2015-11-24,14.896800041198741
2015-11-25,15.033466911315934
2015-11-27,15.29266681671143
2015-11-30,15.475866699218772
2015-12-01,15.516800117492682
2015-12-02,15.500400161743169
2015-12-03,15.512000083923363
2015-12-04,15.372400093078607
2015-12-07,15.272800254821785
2015-12-08,15.197600173950207
2015-12-09,15.01946678161621
2015-12-10,14.852133369445816
2015-12-11,14.77706661224367
2015-12-14,14.910266494750985
2015-12-15,14.994533157348636
2015-12-16,15.173733139038092
2015-12-17,15.360133171081554
2015-12-18,15.478266525268563
2015-12-21,15.414133071899409
2015-12-22,15.37653312683107
2015-12-23,15.356399726867686
2015-12-24,15.418133163452135
2015-12-28,15.52666664123534
2015-12-29,15.664133644104009
2015-12-30,15.568667030334478
2015-12-31,15.495067024230968
2016-01-04,15.253067016601571
2016-01-05,14.95386695861818
2016-01-06,14.567066764831575
2016-01-07,14.359600067138706
2016-01-08,14.180133438110367
2016-01-11,13.930400085449238
2016-01-12,13.804133224487323
2016-01-13,13.723999977111825
2016-01-14,13.682266616821293
2016-01-15,13.531999969482433
2016-01-19,13.527466583251968
2016-01-20,13.479066658020015
2016-01-21,13.36426658630372
2016-01-22,13.215466690063467
2016-01-25,13.073733329772967
2016-01-26,12.936800003051781
2016-01-27,12.785466766357443
2016-01-28,12.792933273315445
2016-01-29,12.649199867248546
2016-02-01,12.454666519165041
2016-02-02,12.26306667327884
2016-02-03,11.881733322143548
2016-02-04,11.229066848754876
2016-02-05,10.768666839599607
2016-02-08,10.371200180053732
2016-02-09,10.039733314514168
2016-02-10,9.885599899292007
2016-02-11,9.981333351135245
2016-02-12,10.253733253479021
2016-02-16,10.561733245849597
2016-02-17,10.776533317565926
2016-02-18,11.132533264160157
2016-02-19,11.42639980316162
2016-02-22,11.563999938964855
2016-02-23,11.839466476440435
2016-02-24,12.156266403198252
2016-02-25,12.345466423034683
2016-02-26,12.467333030700692
2016-02-29,12.591866302490228
2016-03-01,12.702666282653814
2016-03-02,12.845333099365238
2016-03-03,13.023466491699214
2016-03-04,13.240133285522472
2016-03-07,13.511866760253932
2016-03-08,13.63773365020755
2016-03-09,13.723866844177236
2016-03-10,13.85533351898196
2016-03-11,14.065200042724594
2016-03-14,14.241333198547359
2016-03-15,14.52399978637697
2016-03-16,14.860533142089869
2016-03-17,15.16946640014647
2016-03-18,15.381466484069833
2016-03-21,15.390133285522468
2016-03-22,15.40839996337891
2016-03-23,15.375333404541024
2016-03-24,15.266133499145514
2016-03-28,15.168133544921883
2016-03-29,15.264000129699726
2016-03-30,15.395199966430644
2016-03-31,15.618266487121588
2016-04-01,15.95613327026366
2016-04-04,16.469866752624508
2016-04-05,16.835600280761707
2016-04-06,17.002000427246085
2016-04-07,17.04106712341311
2016-04-08,16.939067077636746
2016-04-11,16.793866729736312
2016-04-12,16.72266654968264
2016-04-13,16.781866455078138
2016-04-14,16.83466644287109
2016-04-15,16.828666305541994
2016-04-18,16.76786651611328
2016-04-19,16.72026672363282
2016-04-20,16.71013374328612
2016-04-21,16.68266716003417
2016-04-22,16.767600631713865
2016-04-25,16.78760070800778
2016-04-26,16.77986717224121
2016-04-27,16.60666694641111
2016-04-28,16.473067092895516
2016-04-29,16.18746700286865
2016-05-02,15.802000045776362
2016-05-03,15.31960010528564
2016-05-04,14.9752000808716
2016-05-05,14.536800003051741
2016-05-06,14.221733474731444
2016-05-09,14.040400314331036
2016-05-10,13.983733749389646
2016-05-11,13.8861337661743
2016-05-12,13.877733612060537
2016-05-13,13.824000167846663
2016-05-16,13.853466796875013
2016-05-17,13.959199905395494
2016-05-18,14.128133201599121
2016-05-19,14.233866691589311
2016-05-20,14.410533332824718
2016-05-23,14.522666740417478
2016-05-24,14.654800224304184
2016-05-25,14.691600227355943
2016-05-26,14.785066795349145
2016-05-27,14.807066726684566
2016-05-31,14.798799896240206
2016-06-01,14.717066383361795
2016-06-02,14.68559970855714
2016-06-03,14.807066345214839
2016-06-06,15.019866371154786
2016-06-07,15.158533096313437
2016-06-08,15.155866622924826
2016-06-09,15.118400001525865
2016-06-10,14.886666679382335
2016-06-13,14.64906673431393
2016-06-14,14.496666908264155
2016-06-15,14.452400207519531
2016-06-16,14.476800155639639
2016-06-17,14.53880023956298
2016-06-20,14.258267021179204
2016-06-21,13.971200180053701
2016-06-22,13.673600196838395
2016-06-23,13.391600227355932
2016-06-24,13.154000282287603
2016-06-27,13.334400177001953
2016-06-28,13.546133613586425
2016-06-29,13.8574668884277
2016-06-30,14.063200187683126
2016-07-01,14.231866645812984
2016-07-05,14.30853328704835
2016-07-06,14.36853313446043
2016-07-07,14.478933143615759
2016-07-08,14.621199989318868
2016-07-11,14.72906665802002
2016-07-12,14.80360012054446
2016-07-13,14.851866722106955
2016-07-14,14.871466636657741
2016-07-15,14.879599761962922
2016-07-18,14.957333183288549
2016-07-19,14.943599700927725
2016-07-20,14.968533134460465
2016-07-21,15.018666458129879
2016-07-22,15.075333213806148
2016-07-25,15.077066612243684
2016-07-26,15.211866569519039
2016-07-27,15.378800010681184
2016-07-28,15.378800010681097
2016-07-29,15.347999954223654
2016-08-01,15.3119998931885
2016-08-02,15.31199989318845
2016-08-03,15.248533058166489
2016-08-04,15.197199821472184
2016-08-05,15.222266578674297
2016-08-08,15.220399856567358
2016-08-09,15.14440002441402
2016-08-10,15.085466766357422
2016-08-11,15.077866744995113
2016-08-12,15.00493335723876
2016-08-15,14.972800064086885
2016-08-16,14.954133415222161
2016-08-17,14.94600009918212
2016-08-18,14.910533523559545
2016-08-19,14.926933479309044
2016-08-22,14.918666839599625
2016-08-23,14.884666824340815
2016-08-24,14.817866897583004
2016-08-25,14.714800262451162
2016-08-26,14.53480014801025
2016-08-29,14.393333435058569
2016-08-30,14.124133491516076
2016-08-31,13.828000068664544
2016-09-01,13.663066673278799
2016-09-02,13.534666824340801
2016-09-06,13.339333534240705
2016-09-07,13.255333518981933
2016-09-08,13.262266921997096
2016-09-09,13.171866798400865
2016-09-12,13.101200103759766
2016-09-13,13.14200000762934
2016-09-14,13.28773307800292
2016-09-15,13.394932937622041
2016-09-16,13.509466361999483
2016-09-19,13.626932907104488
2016-09-20,13.707066345214859
2016-09-21,13.734399795532207
2016-09-22,13.769733238220216
2016-09-23,13.78533325195308
2016-09-26,13.799333381652827
2016-09-27,13.722933387756328
2016-09-28,13.677333450317363
2016-09-29,13.740133476257299
2016-09-30,13.814800071716329
2016-10-03,13.844000053405727
2016-10-04,13.847999954223615
2016-10-05,13.749066543579051
2016-10-06,13.579066467285136
2016-10-07,13.42826652526855
2016-10-10,13.33559989929196
2016-10-11,13.32546653747558
2016-10-12,13.324133300781263
2016-10-13,13.230933380126949
2016-10-14,13.217599868774409
2016-10-17,13.244933319091775
2016-10-18,13.229733276367183
2016-10-19,13.277466392517082
2016-10-20,13.394799613952612
2016-10-21,13.437999725341761
2016-10-24,13.420399665832528
2016-10-25,13.48586654663083
2016-10-26,13.484266662597651
2016-10-27,13.41720008850095
2016-10-28,13.263199996948243
2016-10-31,13.073600006103506
2016-11-01,12.852400016784646
2016-11-02,12.726933479309055
2016-11-03,12.666666793823243
2016-11-04,12.72200031280515
2016-11-07,12.749200248718232
2016-11-08,12.721600151061985
2016-11-09,12.694933509826656
2016-11-10,12.538133621215788
2016-11-11,12.389200210571259
2016-11-14,12.307466888427687
2016-11-15,12.351600265502935
2016-11-16,12.304400253295878
2016-11-17,12.345333480834949
2016-11-18,12.444000244140598
2016-11-21,12.566800308227545
2016-11-22,12.673333549499501
2016-11-23,12.821333503723114
2016-11-25,12.888666725158636
2016-11-28,12.865066719055156
2016-11-29,12.714933204650839
2016-11-30,12.512533187866175
2016-12-01,12.388266372680654
2016-12-02,12.338666534423828
2016-12-05,12.388666534423798
2016-12-06,12.527466583251925
2016-12-07,12.67026672363277
2016-12-08,12.745333480834967
2016-12-09,12.909333419799742
2016-12-12,12.983200073242164
2016-12-13,13.053733444213824
2016-12-14,13.191200065612783
2016-12-15,13.328533363342228
2016-12-16,13.470400047302201
2016-12-19,13.59053344726558
2016-12-20,13.7354667663574
2016-12-21,13.88013343811031
2016-12-22,14.104133415222138
2016-12-23,14.250133323669399
2016-12-27,14.343199920654286
2016-12-28,14.41306667327879
2016-12-29,14.461733245849581
2016-12-30,14.561199951171824
2017-01-03,14.654666709899903
2017-01-04,14.845733261108354
2017-01-05,15.080266571044902
2017-01-06,15.252000045776343
2017-01-09,15.288533401489259
2017-01-10,15.32639999389648
2017-01-11,15.442933464050263
2017-01-12,15.500266647338828
2017-01-13,15.613466644287096
2017-01-17,15.800533485412581
2017-01-18,16.002400016784662
2017-01-19,16.15133342742917
2017-01-20,16.40506706237793
2017-01-23,16.61986694335937
2017-01-24,16.736533355712876
2017-01-25,16.846133422851565
2017-01-26,16.868933486938495
2017-01-27,16.833200073242175
2017-01-30,16.76346664428711
2017-01-31,16.750666809082013
2017-02-01,16.729066848754886
2017-02-02,16.82426681518553
2017-02-03,16.89826660156248
2017-02-06,17.069466781616203
2017-02-07,17.30480003356935
2017-02-08,17.543466949462864
2017-02-09,17.84786682128905
2017-02-10,18.16120033264158
2017-02-13,18.39693374633789
2017-02-14,18.39360046386716
2017-02-15,18.43360023498533
2017-02-16,18.39080009460447
2017-02-17,18.291199874877947
2017-02-21,17.97426643371579
2017-02-22,17.814933013916015
2017-02-23,17.468266296386705
2017-02-24,17.10293312072752
2017-02-27,16.789733123779286
2017-02-28,16.716266632080064
2017-03-01,16.64386672973631
2017-03-02,16.71026687622069
2017-03-03,16.691600036621058
2017-03-06,16.649600219726548
2017-03-07,16.57520027160643
2017-03-08,16.470133590698246
2017-03-09,16.402933502197257
2017-03-10,16.528400421142567
2017-03-13,16.64653396606444
2017-03-14,16.875200271606477
2017-03-15,17.112666702270502
2017-03-16,17.32266654968263
2017-03-17,17.225066375732407
2017-03-20,17.215466308593754
2017-03-21,17.11853294372558
2017-03-22,17.140666580200172
2017-03-23,17.251333618164054
2017-03-24,17.60826721191407
2017-03-27,17.906533813476532
2017-03-28,18.215067291259746
2017-03-29,18.416933822631822
2017-03-30,18.79426689147949
2017-03-31,19.144266891479496
2017-04-03,19.379200363159168
2017-04-04,19.656267166137667
2017-04-05,19.979467010498066
2017-04-06,20.1644004821777
2017-04-07,20.23120040893554
2017-04-10,20.255733489990206
2017-04-11,20.32639999389648
2017-04-12,20.311733627319335
2017-04-13,20.14986686706539
2017-04-17,20.107333374023412
2017-04-18,20.182933425903332
2017-04-19,20.2042667388916
2017-04-20,20.292133331298814
2017-04-21,20.472666549682597
2017-04-24,20.53466644287109
2017-04-25,20.616266250610334
2017-04-26,20.729199600219708
2017-04-27,20.92653274536131
2017-04-28,20.99453277587889
2017-05-01,21.00586624145506
2017-05-02,20.830266189575177
2017-05-03,20.753999710082994
2017-05-04,20.54546661376953
2017-05-05,20.577066802978536
2017-05-08,20.76640014648437
2017-05-09,21.134933853149416
2017-05-10,21.354400253295903
2017-05-11,21.470266723632797
2017-05-12,21.413600158691388
2017-05-15,21.158800125122053
2017-05-16,21.024933242797854
2017-05-17,20.838533401489236
2017-05-18,20.764800262451146
2017-05-19,20.58946685791013
2017-05-22,20.644266891479496
2017-05-23,20.694533538818334
2017-05-24,20.885333633422853
2017-05-25,21.215333557128893
2017-05-26,21.710666656494137
2017-05-30,22.112666702270534
2017-05-31,22.4196002960205
2017-06-01,22.7153335571289
2017-06-02,22.95200004577636
2017-06-05,23.200533676147447
2017-06-06,23.59560050964354
2017-06-07,23.82853355407714
2017-06-08,23.984400177001955
2017-06-09,24.292400360107404
2017-06-12,24.572533416748026
2017-06-13,24.643733215332013
2017-06-14,24.831466674804677
2017-06-15,24.97533340454099
2017-06-16,24.925866699218762
2017-06-19,24.86906661987304
2017-06-20,24.965999984741213
2017-06-21,25.126666641235364
2017-06-22,25.22919998168944
2017-06-23,25.09760017395018
2017-06-26,25.028800201416026
2017-06-27,24.73733329772948
2017-06-28,24.44613304138183
2017-06-29,24.114532852172843
2017-06-30,23.64413261413575
2017-07-03,22.811999511718742
2017-07-05,22.178266143798815
2017-07-06,21.570799636840803
2017-07-07,21.232133102417
2017-07-10,21.264533233642553
2017-07-11,21.458933258056632
2017-07-12,21.653066635131847
2017-07-13,21.700000000000017
2017-07-14,21.713600158691428
2017-07-17,21.65680007934569
2017-07-18,21.743600082397453
2017-07-19,21.751866912841802
2017-07-20,22.057867050170884
2017-07-21,22.209333419799794
2017-07-24,22.457199859619134
2017-07-25,22.51773300170898
2017-07-26,22.606666183471667
2017-07-27,22.352666091918927
2017-07-28,22.08559951782226
2017-07-31,21.846133041381833
2017-08-01,22.01453323364256
2017-08-02,22.30573348999022
2017-08-03,22.728400039672838
2017-08-04,23.33706665039062
2017-08-07,23.838933181762723
2017-08-08,23.9497329711914
2017-08-09,23.96253280639648
2017-08-10,24.07759933471682
2017-08-11,24.039065933227544
2017-08-14,24.03079948425291
2017-08-15,23.9843994140625
2017-08-16,23.845599365234403
2017-08-17,23.49973297119139
2017-08-18,23.2199996948242
2017-08-21,23.084799575805643
2017-08-22,23.09826660156249
2017-08-23,23.106133270263648
2017-08-24,23.210133361816407
2017-08-25,23.29026679992677
2017-08-28,23.295733642578135
2017-08-29,23.335333633422884
2017-08-30,23.43333358764647
2017-08-31,23.485733413696295
2017-09-01,23.44799995422363
2017-09-05,23.413733291625956
2017-09-06,23.24706649780273
2017-09-07,23.357600021362316
2017-09-08,23.533066558837888
2017-09-11,23.82239990234374
2017-09-12,24.182799911499014
2017-09-13,24.668266677856426
2017-09-14,24.95240020751952
2017-09-15,25.117066955566383
2017-09-18,25.21946716308592
2017-09-19,25.070666885375978
2017-09-20,24.68773345947266
2017-09-21,24.15426635742187
2017-09-22,23.75626640319823
2017-09-25,23.31706619262696
2017-09-26,22.95866622924805
2017-09-27,22.825466156005866
2017-09-28,22.779333114624023
2017-09-29,22.817866516113277
2017-10-02,23.005066680908236
2017-10-03,23.21480026245118
2017-10-04,23.425200271606435
2017-10-05,23.444000244140643
2017-10-06,23.543333435058596
2017-10-09,23.537866592407212
2017-10-10,23.542533111572265
2017-10-11,23.52506637573243
2017-10-12,23.62719955444337
2017-10-13,23.62933311462404
2017-10-16,23.696666717529293
2017-10-17,23.645066833496095
2017-10-18,23.505466842651373
2017-10-19,23.324400329589853
2017-10-20,23.07893333435058
2017-10-23,22.628133392333986
2017-10-24,22.286266708374015
2017-10-25,21.963199996948248
2017-10-26,21.737333297729464
2017-10-27,21.659866714477534
2017-10-30,21.59639968872069
2017-10-31,21.23759956359861
2017-11-01,21.04053306579588
2017-11-02,20.809866333007797
2017-11-03,20.47013320922851
2017-11-06,20.24760017395021
2017-11-07,20.297333526611325
2017-11-08,20.256000137329096
2017-11-09,20.42426681518556
2017-11-10,20.459600067138677
2017-11-13,20.551733016967773
2017-11-14,20.67853279113769
2017-11-15,20.83933258056642
2017-11-16,20.750532531738276
2017-11-17,20.871998977661104
2017-11-20,20.889332580566393
2017-11-21,20.929999542236313
2017-11-22,20.95346641540526
2017-11-24,21.07093315124512
2017-11-27,20.934000015258793
2017-11-28,20.884000015258785
2017-11-29,20.763733291625996
2017-11-30,20.60893325805664
2017-12-01,20.42426681518556
2017-12-04,20.500533676147466
2017-12-05,20.532400131225593
2017-12-06,20.64706687927246
2017-12-07,20.963200378417984
2017-12-08,21.460933303833013
2017-12-11,21.804533004760746
2017-12-12,22.159866333007805
2017-12-13,22.537466430664065
2017-12-14,22.6702663421631
2017-12-15,22.537866592407234
2017-12-18,22.40386657714844
2017-12-19,22.320800018310564
2017-12-20,22.077466583251965
2017-12-21,21.789733123779307
2017-12-22,21.5302661895752
2017-12-26,21.348666381835958
2017-12-27,21.077866363525413
2017-12-28,21.015599822998073
2017-12-29,21.01506652832033
2018-01-02,21.05480003356935
2018-01-03,21.071066665649425
2018-01-04,21.40520019531252
2018-01-05,21.5806667327881
2018-01-08,21.814666748046886
2018-01-09,22.125733566284183
2018-01-10,22.38760032653808
2018-01-11,22.43626708984377
2018-01-12,22.615866851806672
2018-01-16,22.746133422851578
2018-01-17,22.907066726684608
2018-01-18,23.111599731445324
2018-01-19,23.281332778930697
2018-01-22,23.26439971923831
2018-01-23,23.17199974060062
2018-01-24,23.07639961242677
2018-01-25,23.049333190917984
2018-01-26,22.956399917602536
2018-01-29,23.068666458129893
2018-01-30,23.223466491699206
2018-01-31,23.235466766357423
2018-02-01,23.01680030822752
2018-02-02,22.858800506591788
2018-02-05,22.73466720581054
2018-02-06,22.28106727600096
2018-02-07,21.836667251586906
2018-02-08,21.604667282104497
2018-02-09,21.467200469970695
2018-02-12,21.16466712951659
2018-02-13,21.415867233276366
2018-02-14,21.750133514404318
2018-02-15,22.004000091552737
2018-02-16,22.132533264160156
2018-02-20,22.450666427612294
2018-02-21,22.690399551391597
2018-02-22,22.98279953002928
2018-02-23,23.199065780639643
2018-02-26,23.329199218749977
2018-02-27,23.125999450683583
2018-02-28,22.90026626586913
2018-03-01,22.57933311462402
2018-03-02,22.275466537475555
2018-03-05,22.131999969482422
2018-03-06,22.10760002136229
2018-03-07,22.001599884033205
2018-03-08,22.16373329162595
2018-03-09,22.34560012817384
2018-03-12,22.270000076293947
2018-03-13,22.22333335876466
2018-03-14,22.145733261108376
2018-03-15,21.71973304748535
2018-03-16,21.302532958984372
2018-03-19,21.167866134643557
2018-03-20,20.947866058349593
2018-03-21,20.683732986450202
2018-03-22,20.558666610717776
2018-03-23,20.140399932861328
2018-03-26,19.357066726684565
2018-03-27,18.78413352966308
2018-03-28,18.130000305175756
2018-03-29,17.6413333892822
2018-04-02,17.744800186157203
2018-04-03,18.38400001525879
2018-04-04,18.82626647949218
2018-04-05,19.321999740600578
2018-04-06,19.81759986877441
2018-04-09,20.0041332244873
2018-04-10,19.848933410644523
2018-04-11,19.862800216674806
2018-04-12,19.883466720581037
2018-04-13,19.656666564941403
2018-04-16,19.555599975585938
2018-04-17,19.635599899291993
2018-04-18,19.500933074951174
2018-04-19,19.39639968872071
2018-04-20,19.339999771118155
2018-04-23,19.17119979858398
2018-04-24,18.976533126831036
2018-04-25,19.027733230590833
2018-04-26,19.16813316345215
2018-04-27,19.387599945068356
2018-04-30,19.660400009155246
2018-05-01,19.64666671752928
2018-05-02,19.64680023193358
2018-05-03,19.765067291259747
2018-05-04,19.792400360107404
2018-05-07,19.868400192260722
2018-05-08,20.142667007446278
2018-05-09,20.235600280761712
2018-05-10,20.091600036621085
2018-05-11,19.854400253295875
2018-05-14,19.58280029296874
2018-05-15,19.309733581542943
2018-05-16,18.986533355712872
2018-05-17,18.88680000305175
2018-05-18,18.76453323364258
2018-05-21,18.665733337402322
2018-05-22,18.576533126831045
2018-05-23,18.603599929809548
2018-05-24,18.59386672973631
2018-05-25,18.81666679382324
2018-05-29,18.892133331298812
2018-05-30,19.07840003967286
2018-05-31,19.316933441162096
2018-06-01,19.4152000427246
2018-06-04,19.785599899291984
2018-06-05,20.20373306274412
2018-06-06,20.548266601562474
2018-06-07,21.019733047485342
2018-06-08,21.708266448974584
2018-06-11,22.045333099365223
2018-06-12,22.60039978027343
2018-06-13,23.140533065795893
2018-06-14,23.656933212280265
2018-06-15,23.78733291625976
2018-06-18,24.01986656188965
2018-06-19,23.8837333679199
2018-06-20,23.556533432006827
2018-06-21,23.052266693115246
2018-06-22,22.911600112915046
2018-06-25,22.675333404541032
2018-06-26,22.70760002136229
2018-06-27,22.831866455078107
2018-06-28,22.859333038330043
2018-06-29,22.444133377075183
2018-07-02,21.972933197021483
2018-07-03,21.42586631774904
2018-07-05,21.099999618530255
2018-07-06,20.931999588012705
2018-07-09,21.039999389648433
2018-07-10,21.140666198730457
2018-07-11,21.27359962463378
2018-07-12,21.161466217040996
2018-07-13,21.164399719238236
2018-07-16,21.22959976196287
2018-07-17,21.276533126831044
2018-07-18,21.205999755859352
2018-07-19,21.113999938964813
2018-07-20,20.777199935913078
2018-07-23,20.57573318481441
2018-07-24,20.394666290283187
2018-07-25,20.175999832153312
2018-07-26,20.00226669311524
2018-07-27,20.011733245849605
2018-07-30,19.90639991760252
2018-07-31,20.47826690673826
2018-08-01,21.15813331604003
2018-08-02,21.8490665435791
2018-08-03,22.93479995727537
2018-08-06,23.861466598510713
2018-08-07,23.90026664733885
2018-08-08,23.997866821289044
2018-08-09,24.19013366699218
2018-08-10,23.764400482177717
2018-08-13,23.342400360107412
2018-08-14,23.11573333740233
2018-08-15,22.449200057983365
2018-08-16,21.80960006713866
2018-08-17,21.466399765014643
2018-08-20,21.23906669616699
2018-08-21,21.034400177001935
2018-08-22,21.265333557128905
2018-08-23,21.409733200073216
2018-08-24,21.275866699218742
2018-08-27,21.054133224487288
2018-08-28,20.828133010864242
2018-08-29,20.545999526977536
2018-08-30,20.141732788085896
2018-08-31,19.72679939270019
2018-09-04,19.40599937438964
2018-09-05,18.873866271972656
2018-09-06,18.658399581909176
2018-09-07,18.531599807739294
2018-09-10,18.662266540527348
2018-09-11,18.77573318481445
2018-09-12,19.201866531372072
2018-09-13,19.326399993896494
2018-09-14,19.39999999999999
2018-09-17,19.513066864013666
2018-09-18,19.631333541870116
2018-09-19,19.683333587646505
2018-09-20,19.747866821289062
2018-09-21,19.961600112915043
2018-09-24,20.102399826049794
2018-09-25,20.224933242797857
2018-09-26,19.767199707031246
2018-09-27,19.914133071899396
2018-09-28,19.91453323364259
2018-10-01,19.717466735839835
2018-10-02,19.374933624267584
2018-10-03,19.337333679199208
2018-10-04,18.535467147827124
2018-10-05,18.02586708068847
2018-10-08,17.520267105102505
2018-10-09,17.125600051879864
2018-10-10,17.083333587646486
2018-10-11,17.203733444213853
2018-10-12,17.387599945068338
2018-10-15,17.58626670837404
2018-10-16,17.74200019836425
2018-10-17,17.75826644897461
2018-10-18,17.7763999938965
2018-10-19,18.010400009155255
2018-10-22,18.233333206176738
2018-10-23,18.912666702270474
2018-10-24,19.85800018310545
2018-10-25,20.84333343505858
2018-10-26,21.32013359069819
2018-10-29,21.971067047119117
2018-10-30,22.36333351135255
2018-10-31,22.570133590698237
2018-11-01,22.65746688842773
2018-11-02,22.806266784667965
2018-11-05,22.950799942016552
2018-11-06,23.045733261108353
2018-11-07,23.10039978027339
2018-11-08,22.965466308593715
2018-11-09,22.934399795532187
2018-11-12,22.8789329528808
2018-11-13,22.839466476440432
2018-11-14,22.890133285522445
2018-11-15,23.186000061035152
2018-11-16,23.30279998779298
2018-11-19,23.22533340454105
2018-11-20,22.923866653442403
2018-11-21,22.813066864013674
2018-11-23,22.685733413696283
2018-11-26,22.690800094604494
2018-11-27,22.730533599853505
2018-11-28,23.059200286865266
2018-11-29,23.225733184814462
2018-11-30,23.436133193969724
2018-12-03,23.63866653442382
2018-12-04,23.862666702270513
2018-12-06,24.058266448974596
2018-12-07,24.16853332519532
2018-12-10,24.26053352355957
2018-12-11,24.443600082397467
2018-12-12,24.546799850463884
2018-12-13,24.323733520507844
2018-12-14,23.927333450317374
2018-12-17,23.478933334350597
2018-12-18,22.66013336181644
2018-12-19,22.04760017395023
2018-12-20,21.340533447265635
2018-12-21,21.194666671752955
2018-12-24,20.970133209228543
2018-12-26,21.216666412353536
2018-12-27,21.390399551391628
2018-12-28,21.586799621582042
2018-12-31,21.24373321533202
2019-01-02,21.264533233642588
2019-01-03,21.27906684875488
2019-01-04,21.313066864013667
2019-01-07,21.69186668395996
2019-01-08,22.286666488647462
2019-01-09,22.68093338012697
2019-01-10,22.673466491699216
2019-01-11,22.794533157348614
2019-01-14,22.8947998046875
2019-01-15,22.925999832153284
2019-01-16,22.3259998321533
2019-01-17,21.852933120727535
2019-01-18,21.09506645202637
2019-01-22,20.36786651611327
2019-01-23,19.697600173950196
2019-01-24,19.619200134277328
2019-01-25,19.599733734130858
2019-01-28,19.882133865356437
2019-01-29,20.08893394470214
2019-01-30,20.291200256347643
2019-01-31,20.511333465576186
2019-02-01,20.829866409301726
2019-02-04,20.94253311157226
2019-02-05,20.949066543579114
2019-02-06,20.863600158691412
2019-02-07,20.862933731079096
2019-02-08,20.735733795166002
2019-02-11,20.61506690979002
2019-02-12,20.565200042724573
2019-02-13,20.592933273315403
2019-02-14,20.4969329833984
2019-02-15,20.373600006103487
2019-02-19,20.147733306884763
2019-02-20,20.026933288574213
2019-02-21,19.90546646118165
2019-02-22,19.80173301696777
2019-02-25,19.964133071899454
2019-02-26,20.34613304138183
2019-02-27,20.34719963073729
2019-02-28,20.168399810791016
2019-03-01,19.884133529663085
2019-03-04,19.37080001831055
2019-03-05,18.793600082397486
2019-03-06,18.651600265502932
2019-03-07,18.725733566284177
2019-03-08,18.816666793823245
2019-03-11,18.98626670837404
2019-03-12,19.164533615112315
2019-03-13,19.048400115966817
2019-03-14,18.762666702270504
2019-03-15,18.55079994201658
2019-03-18,18.345999908447276
2019-03-19,18.133466339111344
2019-03-20,17.98813285827637
2019-03-21,17.86719970703125
2019-03-22,17.871199798584026
2019-03-25,17.887599945068384
2019-03-26,17.948933410644518
2019-03-27,18.153333663940455
2019-03-28,18.536800384521502
2019-03-29,18.77826690673832
2019-04-01,19.004666900634785
2019-04-02,18.860133361816427
2019-04-03,18.79480018615724
2019-04-04,18.58173332214355
2019-04-05,18.400799942016608
2019-04-08,18.190799713134762
2019-04-09,18.199333190917965
2019-04-10,18.102532958984387
2019-04-11,18.01159973144534
2019-04-12,18.02560005187988
2019-04-15,17.96120033264158
2019-04-16,18.025733566284153
2019-04-17,17.959733581542938
2019-04-18,17.926666641235332
2019-04-22,17.730666351318355
2019-04-23,17.415999603271484
2019-04-24,16.907732963561987
2019-04-25,16.62399959564207
2019-04-26,16.287866592407223
2019-04-29,15.959200096130362
2019-04-30,15.91213321685789
2019-05-01,16.17733345031737
2019-05-02,16.362266921997055
2019-05-03,16.47386684417723
2019-05-06,16.61826667785642
2019-05-07,16.59000015258787
2019-05-08,16.38320007324219
2019-05-09,16.00546665191648
2019-05-10,15.808799934387196
2019-05-13,15.636933326721154
2019-05-14,15.454933357238758
2019-05-15,15.075066757202128
2019-05-16,14.78640022277831
2019-05-17,14.423333549499484
2019-05-20,13.900400352478023
2019-05-21,13.462533760070782
2019-05-22,13.190533638000462
2019-05-23,12.968400192260734
2019-05-24,12.765466880798336
2019-05-28,12.705333518981936
2019-05-29,12.567600059509278
2019-05-30,12.412133216857885
2019-05-31,12.477466583251953
2019-06-03,12.567199897766114
2019-06-04,12.803599739074702
2019-06-05,13.061466407775898
2019-06-06,13.513599967956559
2019-06-07,13.826933288574217
2019-06-10,13.995866775512695
2019-06-11,14.102000236511234
2019-06-12,14.240933609008787
2019-06-13,14.402933502197266
2019-06-14,14.504800224304198
2019-06-17,14.73373336791992
2019-06-18,14.809866523742691
2019-06-19,14.90239982604981
2019-06-20,14.883866500854483
2019-06-21,14.81746654510497
2019-06-24,14.721999931335468
2019-06-25,14.764933395385727
2019-06-26,14.786266708374013
2019-06-27,14.833333396911616
2019-06-28,14.897200012207044
2019-07-01,15.10559997558594
2019-07-02,15.242399978637716
2019-07-03,15.334133338928236
2019-07-05,15.372666549682645
2019-07-08,15.564266586303718
2019-07-09,15.613599967956532
2019-07-10,15.773333358764637
2019-07-11,16.082133293151863
2019-07-12,16.37973327636718
2019-07-15,16.592266654968263
2019-07-16,16.791466522216783
2019-07-17,16.966133117675763
2019-07-18,16.99519996643065
2019-07-19,17.0990669250488
2019-07-22,17.232666778564436
2019-07-23,16.903067016601575
2019-07-24,16.501200485229496
2019-07-25,16.235733795166
2019-07-26,15.99693374633788
2019-07-29,15.686666870117206
2019-07-30,15.753733444213845
2019-07-31,15.837733459472634
2019-08-01,15.73839988708495
2019-08-02,15.584933090209933
2019-08-05,15.475733184814443
2019-08-06,15.535066604614222
2019-08-07,15.543999671936021
2019-08-08,15.553199768066433
2019-08-09,15.609866523742662
2019-08-12,15.425866508483885
2019-08-13,15.123733139038071
2019-08-14,14.922800064086909
2019-08-15,14.89373340606689
2019-08-16,14.771866607666022
2019-08-19,14.788000106811515
2019-08-20,14.874800109863301
2019-08-21,14.760933303832996
2019-08-22,14.60319995880126
2019-08-23,14.446133422851553
2019-08-26,14.376266860961895
2019-08-27,14.370400238037105
2019-08-28,14.559866905212385
2019-08-29,14.693333625793437
2019-08-30,14.7813335418701
2019-09-03,14.967866706848135
2019-09-04,15.04439983367919
2019-09-05,15.12679996490479
2019-09-06,15.267200088500973
2019-09-09,15.619466781616222
2019-09-10,15.836666679382315
2019-09-11,16.073333358764653
2019-09-12,16.220266342163086
2019-09-13,16.343599319457997
2019-09-16,16.295466232299795
2019-09-17,16.30519981384278
2019-09-18,16.244132995605455
2019-09-19,16.223066711425755
2019-09-20,15.935333633422827
2019-09-23,15.738133430480948
2019-09-24,15.68426685333252
2019-09-25,15.704400444030751
2019-09-26,15.699600410461422
2019-09-27,15.986000633239742
2019-09-30,16.1784008026123
2019-10-01,16.05133380889893
2019-10-02,15.908667182922349
2019-10-03,15.866666984558119
2019-10-04,15.804799842834488
2019-10-07,15.823466300964338
2019-10-08,15.979599761962872
2019-10-09,16.19906616210936
2019-10-10,16.455599594116205
2019-10-11,16.69346656799316
2019-10-14,16.896400070190417
2019-10-15,17.12613334655761
2019-10-16,17.24693336486814
2019-10-17,17.200799942016573
2019-10-18,17.170000076293924
2019-10-21,17.102399826049812
2019-10-22,17.605199813842788
2019-10-23,18.5542667388916
2019-10-24,19.543733596801736
2019-10-25,20.35226669311523
2019-10-28,21.15666694641113
2019-10-29,21.359867095947244
2019-10-30,21.16226692199706
2019-10-31,21.025733566284167
2019-11-01,21.039067077636705
2019-11-04,21.19333343505858
2019-11-05,21.46826667785642
2019-11-06,21.786000061035153
2019-11-07,22.154266738891618
2019-11-08,22.590399932861317
2019-11-11,22.85079994201661
2019-11-12,23.03493347167969
2019-11-13,23.235333633422858
2019-11-14,23.30066680908202
2019-11-15,23.428533554077138
2019-11-18,23.510000228881847
2019-11-19,23.583066558837906
2019-11-20,23.327999877929688
2019-11-21,23.145999908447266
2019-11-22,22.73799972534179
2019-11-25,22.458933258056632
2019-11-26,22.127066802978515
2019-11-27,22.151466751098617
2019-11-29,22.149600219726555
2019-12-02,22.204400253295894
2019-12-03,22.192133712768555
2019-12-04,22.271467208862322
2019-12-05,22.333600234985372
2019-12-06,22.502133560180656
2019-12-09,22.76440010070802
2019-12-10,23.155199813842763
2019-12-11,23.45519981384279
2019-12-12,24.014799880981457
2019-12-13,24.416799926757804
2019-12-16,24.956133270263653
2019-12-17,25.547600173950215
2019-12-18,26.17693328857419
2019-12-19,26.679866790771467
2019-12-20,27.296666717529266
2019-12-23,27.800533676147463
2019-12-24,28.15173339843752
2019-12-26,28.27320022583008
2019-12-27,28.26133346557619
2019-12-30,28.328133392333985
2019-12-31,28.489066696167004
2020-01-02,28.771200180053707
2020-01-03,29.49599990844726
2020-01-06,30.48013343811037
2020-01-07,31.16119995117188
2020-01-08,31.62973327636717
2020-01-09,32.607332992553694
2020-01-10,33.52546615600587
2020-01-13,33.87693252563476
2020-01-14,34.3055992126465
2020-01-15,34.73693237304687
2020-01-16,35.034799194335946
2020-01-17,35.45666656494141
2020-01-21,36.17266693115234
2020-01-22,36.857067108154304
2020-01-23,37.49066696166995
2020-01-24,37.753333282470734
2020-01-27,37.905732727050804
2020-01-28,38.82053298950194
2020-01-29,39.963866424560564
2020-01-30,42.92360000610355
2020-01-31,47.19240036010742
2020-02-03,49.2418670654297
2020-02-04,50.68386688232424
2020-02-05,51.98386688232422
2020-02-06,51.867600250244145
2020-02-07,50.36520004272459
2020-02-10,50.79973373413087
2020-02-11,51.533599853515646
2020-02-12,52.22639999389651
2020-02-13,53.38799972534182
2020-02-14,55.29519958496096
2020-02-18,57.056799316406256
2020-02-19,58.35013275146485
2020-02-20,58.80026550292971
2020-02-21,58.020398712158226
2020-02-24,56.17213211059572
2020-02-25,53.23333206176758
2020-02-26,50.126531982421874
2020-02-27,48.9242660522461
2020-02-28,48.19893341064452
2020-03-02,47.80826721191407
2020-03-03,48.41546707153319
2020-03-04,48.88866729736327
2020-03-05,47.08040008544923
2020-03-06,45.74466629028323
2020-03-09,44.207733154296875
2020-03-10,42.021199798584
2020-03-11,39.9297332763672
2020-03-12,37.75733337402344
2020-03-13,34.8889335632324
2020-03-16,31.24879989624024
2020-03-17,29.476666641235354
2020-03-18,27.888800048828106
2020-03-19,27.745066833496075
2020-03-20,28.742400360107425
2020-03-23,31.11613388061522
2020-03-24,32.456400680541975
2020-03-25,33.61413421630858
2020-03-26,34.51866760253906
2020-03-27,34.77200088500977
2020-03-30,34.00280075073244
2020-03-31,33.02026748657226
2020-04-01,32.56226730346679
2020-04-02,32.7504005432129
2020-04-03,33.03640060424804
2020-04-06,33.933467102050756
2020-04-07,35.51386718750001
2020-04-08,37.79306716918946
2020-04-09,40.37506713867186
2020-04-13,42.83346710205079
2020-04-14,45.451734161376955
2020-04-15,47.86360092163085
2020-04-16,49.135733795166026
2020-04-17,48.82680053710938
2020-04-20,48.857200622558565
2020-04-21,48.32946701049807
2020-04-22,47.946266937255864
2020-04-23,48.64480056762695
2020-04-24,49.74346694946291
2020-04-27,50.65546646118166
2020-04-28,51.672132873535155
2020-04-29,51.35439910888672
2020-04-30,50.85359878540039
2020-05-01,50.841465759277376
2020-05-04,50.60239944458008
2020-05-05,50.577866363525416
2020-05-06,52.15253295898441
2020-05-07,52.820532989501956
2020-05-08,53.369866180419926
2020-05-11,53.48159942626951
2020-05-12,53.792132568359364
2020-05-13,53.52213287353518
2020-05-14,53.5533332824707
2020-05-15,53.534666442871114
2020-05-18,53.86266632080079
2020-05-19,54.186266326904295
2020-05-20,54.42239990234374
2020-05-21,54.49226608276366
2020-05-22,54.655199432373045
2020-05-26,54.52519989013672
2020-05-27,54.62386703491211
2020-05-28,55.706800079345705
2020-05-29,56.54266738891601
2020-06-01,57.379067230224614
2020-06-02,58.15999984741213
2020-06-03,58.83546600341797
2020-06-04,59.52639923095703
2020-06-05,60.31453247070315
2020-06-08,62.20906677246096
2020-06-09,63.65520095825197
2020-06-10,64.31680145263672
2020-06-11,64.86320114135745
2020-06-12,65.41600112915039
2020-06-15,64.97253341674804
2020-06-16,65.38746566772461
2020-06-17,66.2623992919922
2020-06-18,66.30800018310545
2020-06-19,66.56999969482422
2020-06-22,66.15746612548828
2020-06-23,65.91773376464845
2020-06-24,65.36893310546873
2020-06-25,65.56933288574218
2020-06-26,66.60973358154297
2020-06-29,68.7268005371094
2020-06-30,71.69586639404298
2020-07-01,77.18706665039063
2020-07-02,82.26053314208984
2020-07-06,86.0748001098633
2020-07-07,89.73680114746094
2020-07-08,94.21666870117188
2020-07-09,95.88973541259766
2020-07-10,97.5822692871094
2020-07-13,99.98400115966797
2020-07-14,101.40213317871098
2020-07-15,100.81799926757817
2020-07-16,102.76386566162114
2020-07-17,103.45133209228516
2020-07-20,104.06893310546877
2020-07-21,104.2346664428711
2020-07-22,103.11679992675784
2020-07-23,101.73813323974612
2020-07-24,100.51320037841798
2020-07-27,99.27026672363283
2020-07-28,98.92920074462896
2020-07-29,99.11266784667968
2020-07-30,98.38466796875005
2020-07-31,98.52480010986328
2020-08-03,98.3369338989258
2020-08-04,98.36480102539063
2020-08-05,98.65746765136718
2020-08-06,97.77173461914064
2020-08-07,96.27026824951176
2020-08-10,97.20013427734375
2020-08-11,98.95240020751953
2020-08-12,101.59239959716797
2020-08-13,107.15333251953128
2020-08-14,113.98933258056641
2020-08-17,118.30626678466797
2020-08-18,123.38400115966796
2020-08-19,128.70760040283204
2020-08-20,131.08840026855466
2020-08-21,132.90506591796873
2020-08-24,136.56693115234373
2020-08-25,139.72586364746095
2020-08-26,141.90479736328126
2020-08-27,148.2701324462891
2020-08-28,152.96226806640624
2020-08-31,154.07800292968753
2020-09-01,151.36133728027343
2020-09-02,149.73733825683595
2020-09-03,138.5300033569336
2020-09-04,131.27866821289066
2020-09-08,126.21000061035157
2020-09-09,123.92466583251954
2020-09-10,124.01133270263672
2020-09-11,131.98133239746096
2020-09-14,137.01333160400392
2020-09-15,140.48599700927736
2020-09-16,145.11466369628906
2020-09-17,147.09932861328124
2020-09-18,145.39732971191407
2020-09-21,141.3039978027344
2020-09-22,138.92799987792972
2020-09-23,136.60733337402345
2020-09-24,134.7279998779297
2020-09-25,134.38399963378907
2020-09-28,137.62733154296876
2020-09-29,141.6519989013672
2020-09-30,142.16866455078124
2020-10-01,142.4673309326172
2020-10-02,142.12799682617188
2020-10-05,141.88066406250005
2020-10-06,140.3979949951172
2020-10-07,141.65866394042973
2020-10-08,142.7666656494141
2020-10-09,144.9446655273438
2020-10-12,147.34466552734375
2020-10-13,148.8753326416016
2020-10-14,149.25333251953128
2020-10-15,148.4886657714844
2020-10-16,146.84133300781252
2020-10-19,144.26400146484383
2020-10-20,142.72466735839848
2020-10-21,141.4553344726563
2020-10-22,140.75200195312505
2020-10-23,140.93466796875003
2020-10-26,139.82666625976566
2020-10-27,138.82933349609382
2020-10-28,136.65666503906252
2020-10-29,135.3386627197266
2020-10-30,135.2866638183594
2020-11-02,136.2839965820313
2020-11-03,138.1013305664063
2020-11-04,140.8953308105469
2020-11-05,142.27866516113284
2020-11-06,141.37599792480472
2020-11-09,141.11933288574218
2020-11-10,139.3639984130859
2020-11-11,137.93399963378906
2020-11-12,137.05599975585938
2020-11-13,139.13933410644532
2020-11-16,143.7733337402344
2020-11-17,149.60733642578126
2020-11-18,155.01466979980472
2020-11-19,162.59866943359373
2020-11-20,170.18333435058597
2020-11-23,176.00733337402343
2020-11-24,181.77333068847653
2020-11-25,186.97266235351563
2020-11-27,191.16666259765626
2020-11-30,192.0626647949219
2020-12-01,193.35466613769532
2020-12-02,194.23999938964843
2020-12-03,199.18399963378906
2020-12-04,203.52533264160158
2020-12-07,205.9026641845703
2020-12-08,208.14866333007814
2020-12-09,208.87866516113283
2020-12-10,208.75
2020-12-11,207.6413330078125
2020-12-14,208.86066589355465
2020-12-15,210.782666015625
2020-12-16,216.45000000000002
2020-12-17,217.11866455078126
2020-12-18,217.5913330078125
2020-12-21,219.13866577148437
2020-12-22,219.52999877929688
2020-12-23,217.44266357421876
2020-12-24,218.51799926757812
2020-12-28,222.14733276367187
2020-12-29,226.12666625976564
2020-12-30,230.66000061035157
2020-12-31,235.4213348388672
2021-01-04,241.42066650390626
2021-01-05,249.50466613769532
2021-01-06,261.1279998779297
2021-01-07,266.5559997558594
2021-01-08,274.1779998779297
2021-01-11,280.74000244140626
2021-01-12,282.6706665039062
2021-01-13,279.0799987792969
2021-01-14,281.3039978027344
2021-01-15,281.3713317871094
2021-01-19,280.74332885742183
2021-01-20,280.85266113281244
2021-01-21,284.4953308105469
2021-01-22,287.0646667480468
2021-01-25,287.9786682128906
2021-01-26,287.34133300781247
2021-01-27,283.8006713867187
2021-01-28,281.06800537109376
2021-01-29,280.38133544921874
2021-02-01,279.74999999999994
2021-02-02,280.7206665039063
2021-02-03,284.6339965820313
2021-02-04,286.20799560546874
2021-02-05,284.6526611328125
2021-02-08,281.3279968261719
2021-02-09,278.7726684570313
2021-02-10,276.36533813476564
2021-02-11,271.8853393554688
2021-02-12,268.4646728515625
2021-02-16,267.30200195312494
2021-02-17,265.27799682617183
2021-02-18,258.5033294677734
2021-02-19,252.011328125
2021-02-22,248.2693298339844
2021-02-23,241.2586639404297
2021-02-24,234.2053344726562
2021-02-25,234.46733398437502
2021-02-26,233.64066772460933
2021-03-01,227.7193359375
2021-03-02,223.66733703613278
2021-03-03,218.4973358154297
2021-03-04,208.13533630371091
2021-03-05,207.27800292968752
2021-03-08,208.26866760253907
2021-03-09,213.47933349609374
2021-03-10,219.8646667480469
2021-03-11,229.52733154296877
2021-03-12,229.74732971191406
2021-03-15,231.99732971191406
2021-03-16,228.90133056640627
2021-03-17,226.3106628417969
2021-03-18,223.78132934570314
2021-03-19,222.79999694824218
2021-03-22,218.0306640625
2021-03-23,217.17933044433593
2021-03-24,214.76866455078127
2021-03-25,210.85466613769532
2021-03-26,209.08533325195313
2021-03-29,211.59599914550788
2021-03-30,213.0199981689453
2021-03-31,217.84266662597656
2021-04-01,223.197998046875
2021-04-05,225.5546630859375
2021-04-06,226.6126647949219
2021-04-07,227.63066711425782
2021-04-08,228.35933227539064
2021-04-09,233.07266845703126
2021-04-12,237.15666809082032
2021-04-13,240.82666931152352
2021-04-14,245.01066894531255
2021-04-15,245.85400390625
2021-04-16,242.96533508300783
2021-04-19,243.75800170898438
2021-04-20,242.4806671142578
2021-04-21,241.78866577148438
2021-04-22,243.35999755859373
2021-04-23,242.40999755859377
2021-04-26,239.0953308105469
2021-04-27,236.24933166503902
2021-04-28,234.91866455078127
2021-04-29,231.36533203125
2021-04-30,229.28933410644532
2021-05-03,227.7253356933594
2021-05-04,226.8279998779297
2021-05-05,224.35666809082034
2021-05-06,220.632666015625
2021-05-07,216.87266540527344
2021-05-10,211.4693328857422
2021-05-11,205.34600219726562
2021-05-12,199.83733520507812
2021-05-13,196.35667114257814
2021-05-14,193.73467102050782
2021-05-17,191.97267150878906
2021-05-18,192.97867126464845
2021-05-19,192.38800354003908
2021-05-20,194.36200256347658
2021-05-21,196.1500030517578
2021-05-24,199.86133422851563
2021-05-25,202.7993347167969
2021-05-26,205.75533447265624
2021-05-27,206.9193328857422
2021-05-28,206.947998046875
2021-06-01,203.86199951171875
2021-06-02,201.74199829101562
2021-06-03,200.40266723632814
2021-06-04,199.04866943359374
2021-06-07,198.62600402832032
2021-06-08,201.11133728027343
2021-06-09,201.8340026855469
2021-06-10,202.67133483886718
2021-06-11,202.38933410644532
2021-06-14,202.7953338623047
2021-06-15,203.22733459472656
2021-06-16,204.12200317382812
2021-06-17,204.33133544921876
2021-06-18,205.95466918945314
2021-06-21,209.40133666992188
2021-06-22,213.61600341796876
2021-06-23,216.85333557128908
2021-06-24,221.37933654785158
2021-06-25,225.18266906738282
2021-06-28,226.72466735839845
2021-06-29,226.597998046875
2021-06-30,227.06666564941406
2021-07-01,225.12399902343742
2021-07-02,222.71666564941407
2021-07-06,220.92399902343752
2021-07-07,219.5260009765625
2021-07-08,219.97933349609372
2021-07-09,220.5766662597656
2021-07-12,221.15866699218748
2021-07-13,221.01133422851555
2021-07-14,220.16266784667962
2021-07-15,217.53066711425782
2021-07-16,216.99466857910153
2021-07-19,217.12200012207032
2021-07-20,217.032666015625
2021-07-21,216.97666625976564
2021-07-22,217.7366668701172
2021-07-23,216.68866577148438
2021-07-26,216.13466796875
2021-07-27,218.00733642578126
2021-07-28,220.92866821289059
2021-07-29,224.39866943359377
2021-07-30,228.72933654785157
2021-08-02,232.99200134277345
2021-08-03,235.47733459472659
2021-08-04,236.270669555664
2021-08-05,236.54333496093747
2021-08-06,236.56000061035158
2021-08-09,236.35333557128908
2021-08-10,236.8613342285156
2021-08-11,238.06600036621094
2021-08-12,236.22666625976564
2021-08-13,238.21546691894537
2021-08-16,238.55013336181662
