,true,pred
2012-05-25,0.0342015951204658,0.03661061
2012-05-29,0.0328703627449119,0.035332076
2012-05-30,0.0299250093797371,0.03445728
2012-05-31,0.0271460604586659,0.0313382
2012-06-01,0.0254986596393154,0.02811525
2012-06-04,0.0247332002555307,0.026625965
2012-06-05,0.0229083010094394,0.026319731
2012-06-06,0.0225644002567778,0.024581835
2012-06-07,0.0226254155726462,0.024097905
2012-06-08,0.0234740761193914,0.024522306
2012-06-11,0.0237292292473196,0.025621224
2012-06-12,0.0248274975193112,0.025935201
2012-06-13,0.026441617449841,0.02697386
2012-06-14,0.0288822110209324,0.028822653
2012-06-15,0.0313838199078922,0.031532343
2012-06-18,0.03378558612839,0.034222223
2012-06-19,0.0357547007942185,0.036619533
2012-06-20,0.0374409279050711,0.038481455
2012-06-21,0.0378014701612345,0.04002916
2012-06-22,0.0384615382986012,0.040155113
2012-06-25,0.0388109865721272,0.040544376
2012-06-26,0.0385447405206531,0.040939927
2012-06-27,0.0374631148112545,0.04058063
2012-06-28,0.0367475767607008,0.039221443
2012-06-29,0.0356936865374414,0.03836108
2012-07-02,0.0352721300245012,0.037380897
2012-07-03,0.0354773607601068,0.036994904
2012-07-05,0.0360708681789239,0.037419092
2012-07-06,0.0364591448621348,0.038238443
2012-07-09,0.0363315667095335,0.038670443
2012-07-10,0.0359654769325058,0.038396496
2012-07-11,0.0354052493434183,0.037850764
2012-07-12,0.0332309028828925,0.037213307
2012-07-13,0.0313560833626615,0.034806535
2012-07-16,0.0303243789864941,0.03257616
2012-07-17,0.0293204079782829,0.031725265
2012-07-18,0.0282332347480202,0.0310104
2012-07-19,0.0285105747821315,0.029906534
2012-07-20,0.0287102601150558,0.030287672
2012-07-23,0.0288378361494742,0.030814806
2012-07-24,0.0276452737909762,0.030924702
2012-07-25,0.0248441379637216,0.029487044
2012-07-26,0.0217379276753075,0.026166484
2012-07-27,0.0179993804993003,0.022623805
2012-07-30,0.0133067836483129,0.018791761
2012-07-31,0.0095294101808035,0.013913438
2012-08-01,0.0080761482326042,0.0100142155
2012-08-02,0.0073938910708713,0.009044971
2012-08-03,0.0068447574644213,0.009049862
2012-08-06,0.0067560087805965,0.008672103
2012-08-07,0.0072940484044092,0.00855951
2012-08-08,0.0076934169520748,0.009238346
2012-08-09,0.0075159195844253,0.009774002
2012-08-10,0.0073273282341384,0.009488359
2012-08-13,0.0075935753447041,0.009129293
2012-08-14,0.0069612395162022,0.009441504
2012-08-15,0.0054303218077243,0.008852884
2012-08-16,0.0045483803721585,0.0070149675
2012-08-17,0.0038716707312901,0.0059507843
2012-08-20,0.0028954330910352,0.005481543
2012-08-21,0.0026569204075172,0.004567733
2012-08-22,0.0028566057404414,0.004299119
2012-08-23,0.0023795803734057,0.0047061164
2012-08-24,0.0024794230398679,0.004286805
2012-08-27,0.002290831689581,0.004249949
2012-08-28,0.0020966938775211,0.004145762
2012-08-29,0.0013478749381469,0.003916599
2012-08-30,0.0005602286481789,0.003082307
2012-08-31,0.0001386710761471,0.0021684412
2012-09-04,6.101531586849562e-05,0.0017658081
2012-09-05,0.0,0.0018317308
2012-09-06,0.0004160111102585,0.0018586349
2012-09-07,0.0013589678616927,0.00231101
2012-09-10,0.00266246686929,0.0034061242
2012-09-11,0.0036331580477721,0.004879771
2012-09-12,0.0053082932941703,0.0058936607
2012-09-13,0.0068114776346919,0.0075452626
2012-09-14,0.0081648979755204,0.009191075
2012-09-17,0.0094739445039823,0.010517288
2012-09-18,0.0105167439218785,0.011760034
2012-09-19,0.0109937692889142,0.012778072
2012-09-20,0.010588852161293,0.013142335
2012-09-21,0.0097069107257271,0.012508763
2012-09-24,0.0082259143504803,0.01137
2012-09-25,0.0069667891552495,0.009728043
2012-09-26,0.0063011724379269,0.008380434
2012-09-27,0.0069667880961581,0.007842819
2012-09-28,0.0080706017708313,0.00881467
2012-10-01,0.0087417638908354,0.010281945
2012-10-02,0.0096458943507673,0.011001673
2012-10-03,0.0092298842996,0.011771678
2012-10-04,0.0083479428640342,0.011253305
2012-10-05,0.0072163937032219,0.010023962
2012-10-08,0.0060016433794492,0.008731223
2012-10-09,0.0047813455348121,0.0075014234
2012-10-10,0.0040103396892544,0.006276086
2012-10-11,0.0035222213986726,0.005555639
2012-10-12,0.0031062113475053,0.005204385
2012-10-15,0.0032393349027881,0.0048649516
2012-10-16,0.0028122308689835,0.0050501022
2012-10-17,0.0025237968522345,0.0046866406
2012-10-18,0.0024128602031349,0.0042771623
2012-10-19,0.0024239541857724,0.0041863453
2012-10-22,0.0042821332615929,0.004278032
2012-10-23,0.0062678894309233,0.006345557
2012-10-24,0.0078986498058634,0.0087915845
2012-10-25,0.0088915278905285,0.01043775
2012-10-26,0.0098400311037356,0.011204468
2012-10-31,0.0087029375993332,0.011991741
2012-11-01,0.0079763066252334,0.0106397085
2012-11-02,0.0075492025914289,0.009478426
2012-11-05,0.0071942067970384,0.009166142
2012-11-06,0.00651749715617,0.008987742
2012-11-07,0.0054247753459512,0.008276986
2012-11-08,0.0047702515521745,0.0070485044
2012-11-09,0.0040436205780749,0.006329028
2012-11-12,0.0050919675168355,0.0057092514
2012-11-13,0.0063011703197439,0.0069390107
2012-11-14,0.008714030522879,0.008575738
2012-11-15,0.0102948706236794,0.011176755
2012-11-16,0.012092035442723,0.012894795
2012-11-19,0.0131792086729858,0.014525338
2012-11-20,0.0141942747229258,0.015536895
2012-11-21,0.0155144141749338,0.01641778
2012-11-23,0.0173060314731128,0.01774495
2012-11-26,0.0191142892157022,0.01970341
2012-11-27,0.0207783304794632,0.021643959
2012-11-28,0.0229970518114468,0.023294168
2012-11-29,0.0236072007337656,0.025529915
2012-11-30,0.0243338317078652,0.026095772
2012-12-03,0.0250826495881481,0.026453443
2012-12-04,0.0248885107169966,0.027202528
2012-12-05,0.0246056231620208,0.02698045
2012-12-06,0.0250493676402358,0.02644873
2012-12-07,0.0253378016569847,0.026951034
2012-12-10,0.0252656934175706,0.027445786
2012-12-11,0.0259701374854866,0.027300801
2012-12-12,0.025592954784913,0.027974404
2012-12-13,0.0249883523243676,0.027666522
2012-12-14,0.0248385883246743,0.02678756
2012-12-17,0.0247442931790767,0.026592534
2012-12-18,0.0242561748884949,0.026666598
2012-12-19,0.0239511014864271,0.026157761
2012-12-20,0.0240509441528891,0.025754724
2012-12-21,0.023385328494658,0.025942158
2012-12-24,0.0226309620344192,0.025305163
2012-12-26,0.0218266753000409,0.0243435
2012-12-27,0.0220263606329651,0.023486527
2012-12-28,0.0226198691108734,0.02382446
2012-12-31,0.0233187667170165,0.024715316
2013-01-02,0.0248219510575381,0.02553343
2013-01-03,0.0267688798762748,0.027116016
2013-01-04,0.028122299158012,0.029304057
2013-01-07,0.0295589217208924,0.030703336
2013-01-08,0.0315169424040835,0.03197385
2013-01-09,0.0331587967616609,0.034000903
2013-01-10,0.0340074573084061,0.035770595
2013-01-11,0.0345843253419037,0.03644467
2013-01-14,0.0341738617525095,0.03676628
2013-01-15,0.0335304330004617,0.03617573
2013-01-16,0.0323877909161033,0.035292815
2013-01-17,0.0322657613434577,0.03403713
2013-01-18,0.032665130950215,0.03396396
2013-01-22,0.0333473870528563,0.034692176
2013-01-23,0.0341239404192784,0.035569258
2013-01-24,0.0356825925548042,0.03638363
2013-01-25,0.0357158734436248,0.038045585
2013-01-28,0.0359488386062782,0.038068928
2013-01-29,0.0358933708112742,0.03794515
2013-01-30,0.0348893976848801,0.037860274
2013-01-31,0.0324709920790636,0.036735844
2013-02-01,0.0312784286614742,0.03388817
2013-02-04,0.0300636783377015,0.03250598
2013-02-05,0.0287712733127414,0.031631507
2013-02-06,0.0281167505780562,0.030394051
2013-02-07,0.0281999517410164,0.029737016
2013-02-08,0.0274955087321917,0.030067373
2013-02-11,0.0268631739627814,0.02945563
2013-02-12,0.0267799717407295,0.028608203
2013-02-13,0.0266523957063109,0.028569084
2013-02-14,0.0270240319451119,0.028609244
2013-02-15,0.0276286322874743,0.029029142
2013-02-19,0.0272791840139486,0.02976052
2013-02-20,0.0265192710919369,0.029358637
2013-02-21,0.0259368565966661,0.028289415
2013-02-22,0.0250826485290565,0.027609829
2013-02-25,0.0242007081525823,0.026808638
2013-02-26,0.0241840677081718,0.025874445
2013-02-27,0.0245446110234266,0.025941651
2013-02-28,0.0247942166304906,0.026572835
2013-03-01,0.0248663248699048,0.026908923
2013-03-04,0.0251880387163831,0.026894215
2013-03-05,0.0259257626140288,0.027183997
2013-03-06,0.0260256042213993,0.028038952
2013-03-07,0.0262585704431443,0.028176809
2013-03-08,0.0264305213490208,0.028259035
2013-03-11,0.0262252895543235,0.0284346
2013-03-12,0.0253710825458055,0.028200157
2013-03-13,0.024644451571706,0.027167473
2013-03-14,0.0237292292473195,0.026295032
2013-03-15,0.023019237658539,0.025401711
2013-03-18,0.0223425280176704,0.024698451
2013-03-19,0.0216214435053437,0.024067093
2013-03-20,0.0211111372494871,0.02335693
2013-03-21,0.0203567718483398,0.022848591
2013-03-22,0.0196135004298299,0.022114221
2013-03-25,0.0197410764642483,0.021313367
2013-03-26,0.0196523277804237,0.021530027
2013-03-27,0.0195413921904156,0.021641478
2013-03-28,0.0197022491136546,0.021479012
2013-04-01,0.0202791171471526,0.021623192
2013-04-02,0.0208227042918297,0.022325184
2013-04-03,0.0218266753000409,0.022971759
2013-04-04,0.0225588537950049,0.024013132
2013-04-05,0.0232078300679171,0.02481113
2013-04-08,0.023940008562881,0.025390778
2013-04-09,0.0244669552631479,0.026092075
2013-04-10,0.0244725017249208,0.026630545
2013-04-11,0.0242894568364071,0.02652976
2013-04-12,0.0244725017249208,0.02619103
2013-04-15,0.0239511014864271,0.02637789
2013-04-16,0.0226586954023755,0.02588706
2013-04-17,0.0217323790953517,0.024339385
2013-04-18,0.0214273046341924,0.02324263
2013-04-19,0.0209059043956986,0.023126539
2013-04-22,0.0206174714380413,0.0227696
2013-04-23,0.020867077045105,0.022439444
2013-04-24,0.0214883199500608,0.022777049
2013-04-25,0.0220485475391484,0.0235858
2013-04-26,0.023041426682905,0.024224572
2013-04-29,0.0237736041187775,0.025232453
2013-04-30,0.0253433502369406,0.026026627
2013-05-01,0.0261531823740005,0.027640779
2013-05-02,0.026480443741343,0.028550904
2013-05-03,0.02599232439167,0.028652104
2013-05-06,0.0258203745448848,0.02790425
2013-05-07,0.0247498417590324,0.027601771
2013-05-08,0.0238457134172835,0.026519965
2013-05-09,0.0234297023070246,0.025451738
2013-05-10,0.0235295449734866,0.025112782
2013-05-13,0.0232411109567377,0.025435701
2013-05-14,0.0227363511626543,0.025223006
2013-05-15,0.0224978384791362,0.024575837
2013-05-16,0.0219098775220927,0.024287581
2013-05-17,0.0211277776938975,0.023740478
2013-05-20,0.0203290374212922,0.022859752
2013-05-21,0.019735528943384,0.021994855
2013-05-22,0.0186594486366669,0.021433944
2013-05-23,0.0177386798505077,0.020360054
2013-05-24,0.0164407273046832,0.01933783
2013-05-28,0.0161023719547031,0.018020384
2013-05-29,0.0157085498688105,0.01771693
2013-05-30,0.0154533977999738,0.017539972
2013-05-31,0.015131682894404,0.017308652
2013-06-03,0.0148987177317505,0.016967256
2013-06-04,0.014022322757958,0.016730152
2013-06-05,0.0134343618009141,0.015796661
2013-06-06,0.0137006078523881,0.015084733
2013-06-07,0.0139834954073641,0.015504026
2013-06-10,0.0144660672361729,0.016028944
2013-06-11,0.0148876248082046,0.01653083
2013-06-12,0.0150762150994002,0.016956752
2013-06-13,0.0149042641935236,0.017107058
2013-06-14,0.0150041058008943,0.01682967
2013-06-17,0.0153036327411892,0.016872693
2013-06-18,0.015397927886787,0.01726947
2013-06-19,0.0158971412190975,0.017409246
2013-06-20,0.0158527674067309,0.017892607
2013-06-21,0.0158749553720056,0.017877672
2013-06-24,0.0157917542090451,0.01778686
2013-06-25,0.016213311781077,0.017686043
2013-06-26,0.0164074485340453,0.0181637
2013-06-27,0.0168900193037626,0.018453337
2013-06-28,0.0169787679875873,0.01892169
2013-07-01,0.0171784533205115,0.019013548
2013-07-02,0.0170175963972723,0.019142449
2013-07-03,0.0169233012516747,0.018953022
2013-07-05,0.0172949374904754,0.018796775
2013-07-08,0.0180659422769415,0.019229436
2013-07-09,0.018781479268404,0.020178132
2013-07-10,0.0196356862769219,0.020987984
2013-07-11,0.0205065358480331,0.021828357
2013-07-12,0.0209724672324315,0.02271998
2013-07-15,0.0214439461376942,0.023150299
2013-07-16,0.0216491779323913,0.023518838
2013-07-17,0.0216325374879812,0.023693332
2013-07-18,0.0215049593353798,0.023605386
2013-07-19,0.0213995702071446,0.023408758
2013-07-22,0.0213219155059573,0.023289684
2013-07-23,0.025859200836387,0.023230202
2013-07-24,0.0303687527988606,0.02832524
2013-07-25,0.0355716559057046,0.03400256
2013-07-26,0.0419504819857275,0.039344348
2013-07-29,0.0476581417093803,0.045875147
2013-07-30,0.0493942933307385,0.051844545
2013-07-31,0.0516352015689057,0.05285553
2013-08-01,0.0537207982865152,0.054111272
2013-08-02,0.0542311024241891,0.05634115
2013-08-05,0.0553792909703203,0.05678644
2013-08-06,0.0559617044064995,0.057602607
2013-08-07,0.056211311072655,0.058275044
2013-08-08,0.0556732735670251,0.058410972
2013-08-09,0.05482461302028,0.05763968
2013-08-12,0.0535932243702799,0.056571536
2013-08-13,0.0524949571573794,0.05522065
2013-08-14,0.0517073129855942,0.054082386
2013-08-15,0.0514798942847138,0.053387776
2013-08-16,0.0522509001302714,0.05333809
2013-08-19,0.0531772153782038,0.054388814
2013-08-20,0.0542810279937856,0.05557911
2013-08-21,0.0562057656699733,0.056723893
2013-08-22,0.0581637863531645,0.058768876
2013-08-23,0.0588460424558059,0.06094139
2013-08-26,0.0600829786266706,0.061437614
2013-08-27,0.0615972569498296,0.06239167
2013-08-28,0.062007722657407,0.064093485
2013-08-29,0.0623017031359288,0.064474076
2013-08-30,0.0634887200917451,0.06443836
2013-09-03,0.0646590966031512,0.06572099
2013-09-04,0.0661400940374896,0.06717856
2013-09-05,0.0676654652841945,0.068712
2013-09-06,0.0686250614209477,0.07028352
2013-09-09,0.0704333202226284,0.07116883
2013-09-10,0.0715926016923057,0.072953
2013-09-11,0.0717922870252301,0.07423165
2013-09-12,0.0709436243603021,0.07413578
2013-09-13,0.0717590061364092,0.072825365
2013-09-16,0.071864394205553,0.07367286
2013-09-17,0.0725466524263774,0.074149854
2013-09-18,0.0743105352975088,0.07479094
2013-09-19,0.0769064403891577,0.0768001
2013-09-20,0.0787812588502972,0.07985726
2013-09-23,0.0811275572757908,0.08180354
2013-09-24,0.083573696249564,0.08398706
2013-09-25,0.0856537475644918,0.086540826
2013-09-26,0.087339975734436,0.08862623
2013-09-27,0.0884326954264719,0.09012609
2013-09-30,0.0888875328282329,0.09100901
2013-10-01,0.0882163717673202,0.09121588
2013-10-02,0.0881054361773123,0.090199575
2013-10-03,0.0882662931005512,0.08992494
2013-10-04,0.0864469413753242,0.090322986
2013-10-07,0.0845000136156791,0.08828178
2013-10-08,0.0844279043171732,0.08575927
2013-10-09,0.0833573704722292,0.08597737
2013-10-10,0.0827971428831418,0.08533399
2013-10-11,0.0841061904706951,0.08459595
2013-10-14,0.0865301435973759,0.086268745
2013-10-15,0.0882829335449616,0.08943472
2013-10-16,0.0911173502610371,0.091333896
2013-10-17,0.0935246629433076,0.09408374
2013-10-18,0.0952885458144394,0.096653506
2013-10-21,0.0957101044455623,0.09822042
2013-10-22,0.0958432280008449,0.0981697
2013-10-23,0.0945841038647058,0.097918786
2013-10-24,0.0925761618482834,0.09637028
2013-10-25,0.0907568122412394,0.09393002
2013-10-28,0.0891537841751643,0.09197366
2013-10-29,0.0879112983652522,0.09054153
2013-10-30,0.0866910005206152,0.08946094
2013-10-31,0.0855760928633046,0.088329524
2013-11-01,0.0859699138901057,0.087226056
2013-11-04,0.0860309281468826,0.08789292
2013-11-05,0.084561027872456,0.088293135
2013-11-06,0.0833296371042729,0.08645346
2013-11-07,0.0822091840442807,0.084782004
2013-11-08,0.0802678038054998,0.083769664
2013-11-11,0.0800403851046194,0.08179719
2013-11-12,0.0808335767972688,0.08163311
2013-11-13,0.0816545039760577,0.08304853
2013-11-14,0.081449271122269,0.08417982
2013-11-15,0.0813106000461217,0.08371217
2013-11-18,0.0800459305073009,0.08326097
2013-11-19,0.0787757134476155,0.08182462
2013-11-20,0.0772337017565002,0.08031156
2013-11-21,0.0766734741674129,0.07872429
2013-11-22,0.0764127745777115,0.07831619
2013-11-25,0.076446055466532,0.07836371
2013-11-26,0.0766180053133172,0.07853483
2013-11-27,0.0770783923541256,0.07875467
2013-11-29,0.0781378311573407,0.07928315
2013-12-02,0.0796521073623168,0.08050367
2013-12-03,0.0806782652767114,0.08224594
2013-12-04,0.0811941169352494,0.08329422
2013-12-05,0.0821814464399587,0.083562866
2013-12-06,0.0841339217204683,0.0844759
2013-12-09,0.0845554803515915,0.086749464
2013-12-10,0.086491315187691,0.08718734
2013-12-11,0.0894754959034595,0.088955425
2013-12-12,0.0922322579183475,0.09248825
2013-12-13,0.0947893346003114,0.09556505
2013-12-16,0.0982228051969765,0.097946346
2013-12-17,0.1000088760333827,0.101441965
2013-12-18,0.1010073005798208,0.1031757
2013-12-19,0.1032038350056214,0.10359031
2013-12-20,0.1049233440643861,0.105770335
2013-12-23,0.1061214539437485,0.10782029
2013-12-24,0.1063377776029002,0.10882396
2013-12-26,0.1055556788337966,0.10864787
2013-12-27,0.1038250768514859,0.10743777
2013-12-30,0.1020223655706693,0.10529349
2013-12-31,0.1002640302204022,0.10328753
2014-01-02,0.1012402689197487,0.101584285
2014-01-03,0.1035754723035135,0.10314306
2014-01-06,0.105561226354661,0.106477484
2014-01-07,0.1069534761642662,0.10874183
2014-01-08,0.1088282946254056,0.10976616
2014-01-09,0.1081127576339433,0.1115056
2014-01-10,0.1080129170856641,0.110436685
2014-01-13,0.1076634677530467,0.10978585
2014-01-14,0.1076468251904535,0.10955219
2014-01-15,0.1067371482687487,0.10967035
2014-01-16,0.108179315175219,0.108644575
2014-01-17,0.1080517370226177,0.11031585
2014-01-21,0.1075136995169879,0.11050684
2014-01-22,0.1059938757911473,0.10949101
2014-01-23,0.1044685045444422,0.1075548
2014-01-24,0.1025992336041672,0.105856135
2014-01-27,0.1003916062548207,0.10395353
2014-01-28,0.1028599331938683,0.1016465
2014-01-29,0.1073639376354775,0.10491543
2014-01-30,0.1117625540079431,0.11110089
2014-01-31,0.1159836708945762,0.11602675
2014-02-03,0.1207872033355718,0.119923644
2014-02-04,0.1213862572161615,0.12470197
2014-02-05,0.1223569505128262,0.124601185
2014-02-06,0.1235051390589576,0.12450209
2014-02-07,0.1246699680494994,0.12580748
2014-02-10,0.1259235425465914,0.12725794
2014-02-11,0.1287912401514875,0.12851201
2014-02-12,0.1303277022035556,0.13174048
2014-02-13,0.1324077577548493,0.13343528
2014-02-14,0.1341882810703911,0.1352405
2014-02-18,0.1370615283143344,0.13703294
2014-02-19,0.1377604227432033,0.1401361
2014-02-20,0.1398071931693108,0.14062682
2014-02-21,0.1412216224714592,0.14237313
2014-02-24,0.1418872402478732,0.14399046
2014-02-25,0.1415045142628008,0.14441454
2014-02-26,0.1414324070824778,0.14351538
2014-02-27,0.1395631361422027,0.14327167
2014-02-28,0.1389807248242064,0.14114332
2014-03-03,0.1402620348074376,0.1404113
2014-03-04,0.1413159239716055,0.14248201
2014-03-05,0.1420591985673897,0.14408766
2014-03-06,0.1446218185338522,0.14459118
2014-03-07,0.1453429030461789,0.14737843
2014-03-10,0.1449601728247409,0.1482022
2014-03-11,0.1438452672856132,0.14703661
2014-03-12,0.1426915312186172,0.14537036
2014-03-13,0.1408666362088917,0.14413339
2014-03-14,0.1403618774738996,0.14222531
2014-03-17,0.1388975226021544,0.14188026
2014-03-18,0.1378658150487128,0.14058127
2014-03-19,0.1375995679381473,0.13940081
2014-03-20,0.13502584869359,0.1393661
2014-03-21,0.1326407197402286,0.13654102
2014-03-24,0.1282864792983127,0.13352938
2014-03-25,0.1249583988889739,0.12880033
2014-03-26,0.1209480602588111,0.12529787
2014-03-27,0.1188069968052887,0.12145623
2014-03-28,0.1175478726691492,0.119627655
2014-03-31,0.1188402798122922,0.119015254
2014-04-01,0.1180193526335034,0.12108959
2014-04-02,0.1162110938318224,0.120414816
2014-04-03,0.1143861945857313,0.11774981
2014-04-04,0.1119289605702295,0.11553783
2014-04-07,0.1117570086052614,0.113082856
2014-04-08,0.1115739637167477,0.113254555
2014-04-09,0.11256129533964,0.113697216
2014-04-10,0.1136373745872655,0.11492705
2014-04-11,0.1141365879195761,0.11621241
2014-04-14,0.1126444975616917,0.11660838
2014-04-15,0.1125224669299548,0.11449234
2014-04-16,0.1140256523295679,0.11410694
2014-04-17,0.1163220294218306,0.1163617
2014-04-21,0.1175811556761527,0.119359635
2014-04-22,0.1182190379664278,0.120531924
2014-04-23,0.1175367818637863,0.12066013
2014-04-24,0.1147079105503923,0.11950426
2014-04-25,0.1120010698687354,0.11594483
2014-04-28,0.1111246738358512,0.1127371
2014-04-29,0.1112799853564087,0.11236174
2014-04-30,0.1128053566031138,0.11333784
2014-05-01,0.1156231328747788,0.11539147
2014-05-02,0.1158339111312488,0.118732475
2014-05-05,0.1145082252174682,0.118696235
2014-05-06,0.1120731770490584,0.11625845
2014-05-07,0.110287106212652,0.11314224
2014-05-08,0.1095161024852773,0.11135201
2014-05-09,0.1102371891157868,0.11105749
2014-05-12,0.1112577995093168,0.112403885
2014-05-13,0.1119012272022733,0.11384275
2014-05-14,0.1123338787569424,0.11442161
2014-05-15,0.1119899748270064,0.11462409
2014-05-16,0.1112855286409076,0.114054784
2014-05-19,0.1119844273061422,0.11309111
2014-05-20,0.1134265984489782,0.113992
2014-05-21,0.1152736814239786,0.11601131
2014-05-22,0.1176421656965641,0.118149534
2014-05-23,0.1203878326697235,0.120651275
2014-05-27,0.122240465283771,0.12357533
2014-05-28,0.1237824748567036,0.1253205
2014-05-29,0.1247420752298221,0.12652038
2014-05-30,0.1244037209389337,0.12726194
2014-06-02,0.1243094257933359,0.12654316
2014-06-03,0.1239544289398541,0.12616959
2014-06-04,0.1235106865798219,0.12587638
2014-06-05,0.1233997488716311,0.12541337
2014-06-06,0.1250083202222048,0.12533802
2014-06-09,0.1263617416221248,0.12741673
2014-06-10,0.1269718926626263,0.12919018
2014-06-11,0.1280812549172553,0.12953064
2014-06-12,0.1288078890686294,0.1304478
2014-06-13,0.1280479782648005,0.13125399
2014-06-16,0.1279481355983382,0.13010386
2014-06-17,0.1279758668481119,0.12971401
2014-06-18,0.1279758668481117,0.12999316
2014-06-19,0.128630389582797,0.13009837
2014-06-20,0.1293625691368524,0.13084641
2014-06-23,0.1303831816485653,0.13176866
2014-06-24,0.1319307387423622,0.1328657
2014-06-25,0.1336502456829442,0.13456915
2014-06-26,0.1347152298888409,0.13646428
2014-06-27,0.1360131803164825,0.13740887
2014-06-30,0.135464045650941,0.13854417
2014-07-01,0.1349981174438168,0.13764852
2014-07-02,0.1337168074605854,0.13672425
2014-07-03,0.1312041045909882,0.13530158
2014-07-07,0.1294901430530879,0.1324027
2014-07-08,0.1286137491383864,0.1305365
2014-07-09,0.1286414803881601,0.1301293
2014-07-10,0.1300891948154949,0.13064303
2014-07-11,0.1325353359074506,0.13258913
2014-07-14,0.1340274305017007,0.13558544
2014-07-15,0.13488163856931,0.13707455
2014-07-16,0.1360353746363057,0.13742776
2014-07-17,0.1368673968568233,0.13842736
2014-07-18,0.1380322237291821,0.1393353
2014-07-21,0.1400457090301031,0.14051744
2014-07-22,0.1447993222560503,0.1428021
2014-07-23,0.1485545088173764,0.14843383
2014-07-24,0.1516163421161495,0.15270244
2014-07-25,0.1540791236525157,0.15523136
2014-07-28,0.1559594896345198,0.15721494
2014-07-29,0.1546670803731938,0.15885957
2014-07-30,0.153097337432305,0.15669066
2014-07-31,0.1523152407813842,0.15421243
2014-08-01,0.151749469907798,0.15364034
2014-08-04,0.1505236266604794,0.15354396
2014-08-05,0.1508120596181369,0.15222573
2014-08-06,0.1512003310058907,0.1526371
2014-08-07,0.1511615047143887,0.15347321
2014-08-08,0.1512391572973931,0.15337227
2014-08-11,0.1519602418097197,0.15326546
2014-08-12,0.1525870332946313,0.15417348
2014-08-13,0.1529032017384282,0.15498139
2014-08-14,0.1535410797923371,0.15517752
2014-08-15,0.1549055962339859,0.15576768
2014-08-18,0.1554824621493008,0.15740763
2014-08-19,0.155632226148994,0.15801165
2014-08-20,0.1561536295647622,0.15780267
2014-08-21,0.1563921411891887,0.15826474
2014-08-22,0.1567637721325321,0.15859483
2014-08-25,0.1566639294660702,0.15893684
2014-08-26,0.1562701042029033,0.1587434
2014-08-27,0.1564087731608675,0.15816021
2014-08-28,0.1573295430061185,0.15834638
2014-08-29,0.1572574400621613,0.15964036
2014-09-02,0.1579896196162166,0.1595547
2014-09-03,0.1598755352372678,0.160154
2014-09-04,0.1615784017334394,0.1625204
2014-09-05,0.1615728563307578,0.16454844
2014-09-08,0.1624603410508222,0.16399676
2014-09-09,0.163553060742858,0.16455449
2014-09-10,0.163675089256412,0.16599713
2014-09-11,0.1618390992049578,0.16602024
2014-09-12,0.161511839955798,0.16336586
2014-09-15,0.1609571598875747,0.16286883
2014-09-16,0.1604468557499013,0.16278653
2014-09-17,0.1606853716106934,0.16231102
2014-09-18,0.1619167644970592,0.16265973
2014-09-19,0.1631426077443778,0.16435967
2014-09-22,0.164312984255784,0.16584656
2014-09-23,0.1644350127693379,0.1669345
2014-09-24,0.1649231268235542,0.16671841
2014-09-25,0.1661434204318254,0.16700149
2014-09-26,0.1665594315420843,0.16853406
2014-09-29,0.1654556210446854,0.16901141
2014-09-30,0.1653779684616809,0.16725929
2014-10-01,0.1646291526995807,0.16698186
2014-10-02,0.163830411367884,0.16643979
2014-10-03,0.162305040121179,0.16551031
2014-10-06,0.162843075508626,0.16374512
2014-10-07,0.1621940981766226,0.16463196
2014-10-08,0.1596813953070251,0.16429229
2014-10-09,0.1571465065903361,0.16098784
2014-10-10,0.1556488665934045,0.15783063
2014-10-13,0.1532581964737271,0.15669589
2014-10-14,0.1514388426303173,0.15450117
2014-10-15,0.1531250686820786,0.15255487
2014-10-16,0.1553216031078791,0.15519084
2014-10-17,0.1581504744212727,0.15853931
2014-10-20,0.1610126266234875,0.16156588
2014-10-21,0.1651228121564783,0.16439705
2014-10-22,0.1677409030952192,0.1687858
2014-10-23,0.1695879881884023,0.17135021
2014-10-24,0.1707417200190324,0.17254904
2014-10-27,0.1693494680912446,0.17326222
2014-10-28,0.1660602097370425,0.17113188
2014-10-29,0.1629096245771704,0.16670895
2014-10-30,0.1593596687514498,0.16317056
2014-10-31,0.1565807230076528,0.15977433
2014-11-03,0.1560094024950193,0.15719737
2014-11-04,0.1566472890216598,0.15738352
2014-11-05,0.1569856475489142,0.1589448
2014-11-06,0.1576068936311444,0.15946099
2014-11-07,0.1569690113408693,0.15990892
2014-11-10,0.1569079992022753,0.15897824
2014-11-11,0.1563477694950049,0.15871501
2014-11-12,0.1559483988291565,0.15820523
2014-11-13,0.1555268380798506,0.15776923
2014-11-14,0.1553770740801573,0.15736364
2014-11-17,0.1546060682345995,0.15730053
2014-11-18,0.1542455238602536,0.15644813
2014-11-19,0.1536187366117075,0.15600841
2014-11-20,0.1534911626954719,0.15543008
2014-11-21,0.1542066975687514,0.15537709
2014-11-24,0.1565862768830656,0.1564151
2014-11-25,0.1588604681282365,0.1594381
2014-11-26,0.1596092838903366,0.16211149
2014-11-28,0.1604135706247151,0.1623744
2014-12-01,0.1599975637508217,0.16266198
2014-12-02,0.1586774232397227,0.16199923
2014-12-03,0.1579341528803041,0.16020547
2014-12-04,0.158721799170272,0.15937224
2014-12-05,0.1594872553767823,0.16078801
2014-12-08,0.1602083398891091,0.16202295
2014-12-09,0.1615894967751679,0.1626603
2014-12-10,0.1624048785512754,0.16409825
2014-12-11,0.1626655760227936,0.16496243
2014-12-12,0.1614730179006614,0.16491368
2014-12-15,0.1614341916091593,0.16317691
2014-12-16,0.1618058267888685,0.16305918
2014-12-17,0.1629429181750881,0.1639228
2014-12-18,0.1654167947531832,0.16542874
2014-12-19,0.1687005034683379,0.16837293
2014-12-22,0.1712853092818923,0.17220065
2014-12-23,0.172605445556626,0.17476547
2014-12-24,0.1726830981396305,0.17546189
2014-12-26,0.1714461640869486,0.17482406
2014-12-29,0.1700095362286113,0.17296843
2014-12-30,0.1687226808426985,0.17121729
2014-12-31,0.1667313813888694,0.17002328
2015-01-02,0.1645847725326655,0.16798685
2015-01-05,0.1628819018001282,0.16561711
2015-01-06,0.1629706536612271,0.16399403
2015-01-07,0.1625768283980605,0.1647019
2015-01-08,0.1623161266901762,0.1646964
2015-01-09,0.1624825268979141,0.16426729
2015-01-12,0.1625546340782372,0.16447854
2015-01-13,0.1602638066250219,0.16467462
2015-01-14,0.1588438276838261,0.16175838
2015-01-15,0.1585775805732606,0.15986657
2015-01-16,0.1587384396146825,0.16018544
2015-01-20,0.159498354654877,0.16090167
2015-01-21,0.1615950464142155,0.16185196
2015-01-22,0.1628819060364939,0.16436695
2015-01-23,0.1626267539676572,0.1657943
2015-01-26,0.1623494160517286,0.16486254
2015-01-27,0.1625435517456054,0.1640793
2015-01-28,0.1614785633033429,0.16446589
2015-01-29,0.160086311375555,0.16331786
2015-01-30,0.1598755310009021,0.16148317
2015-02-02,0.1595371724736478,0.16146992
2015-02-03,0.1582114865598672,0.16151796
2015-02-04,0.1574127452281703,0.15991187
2015-02-05,0.1571076760624681,0.15889668
2015-02-06,0.1569911929515957,0.1588892
2015-02-09,0.1574793154785431,0.15900707
2015-02-10,0.1578232194084788,0.15965326
2015-02-11,0.1585276634763952,0.16009879
2015-02-12,0.1591710911693514,0.16082624
2015-02-13,0.1600142041952321,0.1615224
2015-02-17,0.1616283230666706,0.16239779
2015-02-18,0.1636639984510491,0.1642365
2015-02-19,0.1653835053916309,0.16659418
2015-02-20,0.1669643433742486,0.16832627
2015-02-23,0.1685451813568662,0.16972609
2015-02-24,0.1690943160224076,0.17124785
2015-02-25,0.1685784622456868,0.17155698
2015-02-26,0.1690832252170447,0.17048542
2015-02-27,0.1697211075073193,0.17096943
2015-03-02,0.1704643821031037,0.17201851
2015-03-03,0.1709081244631359,0.17286804
2015-03-04,0.1714849946148164,0.17319871
2015-03-05,0.1713130447680316,0.17371286
2015-03-06,0.170175953381812,0.17338718
2015-03-09,0.1683288682886287,0.1718065
2015-03-10,0.1670641987498078,0.16951746
2015-03-11,0.1659770244604534,0.16827169
2015-03-12,0.1652171094202588,0.1674735
2015-03-13,0.1662210772511959,0.16687892
2015-03-16,0.1680737119834261,0.16837814
2015-03-17,0.1701925895898565,0.17092691
2015-03-18,0.1733820010412307,0.17329599
2015-03-19,0.1769097710198595,0.1767087
2015-03-20,0.1802101201794245,0.18057488
2015-03-23,0.1813250257185523,0.18387432
2015-03-24,0.1814692443155641,0.18427104
2015-03-25,0.1811919063996351,0.18351296
2015-03-26,0.180509648178811,0.18291476
2015-03-27,0.1787956866409104,0.18216707
2015-03-30,0.1781023333783574,0.18013929
2015-03-31,0.1772980466439789,0.17945938
2015-04-01,0.1768210191587606,0.17897172
2015-04-02,0.1763329008681787,0.17858912
2015-04-06,0.1763661817569994,0.17813192
2015-04-07,0.1766435239092939,0.1782974
2015-04-08,0.1769097710198593,0.1787673
2015-04-09,0.1772259394636562,0.17908801
2015-04-10,0.1778915530037043,0.17937507
2015-04-13,0.1781300646281308,0.18013081
2015-04-14,0.1782077172111354,0.18035619
2015-04-15,0.1775088185459005,0.18025711
2015-04-16,0.1775531902400843,0.17929779
2015-04-17,0.1776086612123628,0.17934594
2015-04-20,0.1786736454182594,0.17964648
2015-04-21,0.1787291163905375,0.18100867
2015-04-22,0.1791451275007966,0.1810408
2015-04-23,0.1784906090024769,0.18123591
2015-04-24,0.1768598496866282,0.18036534
2015-04-27,0.1745523817890027,0.17822869
2015-04-28,0.1725333426126687,0.17547663
2015-04-29,0.1711244544768362,0.17343798
2015-04-30,0.1694049432998886,0.17235108
2015-05-01,0.1676743370812121,0.17076588
2015-05-04,0.1663597419727945,0.1689174
2015-05-05,0.166171151681599,0.16767895
2015-05-06,0.1659049045710335,0.16791289
2015-05-07,0.1654611622110011,0.1679389
2015-05-08,0.1654056954750886,0.1673789
2015-05-11,0.1655942900026498,0.16730364
2015-05-12,0.167225053554864,0.16767217
2015-05-13,0.1682844923580792,0.16973576
2015-05-14,0.1698764211460599,0.17103153
2015-05-15,0.1716347586145097,0.172548
2015-05-18,0.1728051351259159,0.17442414
2015-05-19,0.1723114714326525,0.17551334
2015-05-20,0.1723780332102939,0.17438643
2015-05-21,0.171518279740003,0.17412613
2015-05-22,0.1714739080458193,0.17326464
2015-05-26,0.1712520326294373,0.17325583
2015-05-27,0.1705364935197924,0.17320837
2015-05-28,0.1703978245618279,0.17235507
2015-05-29,0.1710135210050108,0.17217784
2015-06-01,0.1720618647664973,0.1731726
2015-06-02,0.1731157581670308,0.17456307
2015-06-03,0.174752062885561,0.17568788
2015-06-04,0.1749628390238483,0.1774183
2015-06-05,0.175090412940084,0.17739831
2015-06-08,0.1749351035377092,0.17708199
2015-06-09,0.1748130750241552,0.17682764
2015-06-10,0.1744747207332666,0.17672415
2015-06-11,0.1744969108167242,0.17635167
2015-06-12,0.1747132365940589,0.17642255
2015-06-15,0.174508005858453,0.1767952
2015-06-16,0.1751070618572256,0.17654096
2015-06-17,0.1756506511200856,0.17720063
2015-06-18,0.1778860118373884,0.17795718
2015-06-19,0.1816689338848538,0.1806233
2015-06-22,0.185590520653918,0.18525122
2015-06-23,0.1884027515229013,0.1896218
2015-06-24,0.1914534897799455,0.19203193
2015-06-25,0.1920414549733551,0.19472633
2015-06-26,0.190871078461949,0.19472606
2015-06-29,0.1897894538116419,0.19242315
2015-06-30,0.189406723590204,0.1909156
2015-07-01,0.1891515715213671,0.19095825
2015-07-02,0.1899392135749694,0.1910502
2015-07-06,0.189872651797328,0.19213402
2015-07-07,0.189301327048329,0.19208646
2015-07-08,0.1896674125889909,0.19109392
2015-07-09,0.1910818461275051,0.19152796
2015-07-10,0.192446358332788,0.19356738
2015-07-13,0.1947260949806401,0.19522645
2015-07-14,0.1974828591137112,0.19765438
2015-07-15,0.2013767188693674,0.2007436
2015-07-16,0.2057087755823742,0.20507462
2015-07-17,0.2105400413913261,0.2097945
2015-07-20,0.2145781155076283,0.21483919
2015-07-21,0.2171240992660461,0.21870792
2015-07-22,0.2182223643607636,0.22053234
2015-07-23,0.216147858448517,0.22074921
2015-07-24,0.2144283515079351,0.21740243
2015-07-27,0.2144006160217961,0.21501544
2015-07-28,0.2142730378691948,0.2158035
2015-07-29,0.2126422785533461,0.21634181
2015-07-30,0.2126256381089356,0.21415742
2015-07-31,0.2119433798881114,0.21407078
2015-08-03,0.2116383064860434,0.21372354
2015-08-04,0.2115883893891781,0.21338117
2015-08-05,0.2117492484306001,0.21343264
2015-08-06,0.2117547980696473,0.2137616
2015-08-07,0.2115107410425394,0.21374953
2015-08-10,0.2102627119481289,0.2133629
2015-08-11,0.2093253016584675,0.21174017
2015-08-12,0.2093918591997435,0.21062216
2015-08-13,0.2092698264498236,0.21112375
2015-08-14,0.2101295799201146,0.21129642
2015-08-17,0.2107508175296136,0.21233374
2015-08-18,0.2091588802689015,0.21311136
2015-08-19,0.2045217501538265,0.21078259
2015-08-20,0.1979543327235168,0.20457068
2015-08-21,0.1912038704046934,0.19669119
2015-08-24,0.1866998680812671,0.18962365
2015-08-25,0.1862394895131901,0.18597774
2015-08-26,0.188985162840898,0.18739887
2015-08-27,0.1930565178460206,0.19212672
2015-08-28,0.1954028205078802,0.19723815
2015-08-31,0.1969004562684459,0.1991483
2015-09-01,0.1960240581173789,0.19966477
2015-09-02,0.1944986868706741,0.19784129
2015-09-03,0.1945541536065866,0.1955858
2015-09-04,0.1963346769221284,0.19601955
2015-09-08,0.1974939626281715,0.19890891
2015-09-09,0.1996572161651512,0.20039004
2015-09-10,0.2019036676878169,0.2025014
2015-09-11,0.203772942864458,0.2049696
2015-09-14,0.2054425284718087,0.20676441
2015-09-15,0.2067515697048134,0.20819722
2015-09-16,0.2080550697715024,0.20934841
2015-09-17,0.2098522377678203,0.21057405
2015-09-18,0.2098855186566409,0.21253608
2015-09-21,0.2101739558506641,0.21222064
2015-09-22,0.2102127863785321,0.21205135
2015-09-23,0.2093086527413258,0.21211676
2015-09-24,0.2057919778044264,0.21097262
2015-09-25,0.2023030383536656,0.20641951
2015-09-28,0.200045487552905,0.20224291
2015-09-29,0.1981262910430333,0.2005039
2015-09-30,0.1977380154189137,0.19921578
2015-10-01,0.2004004822882041,0.19932057
2015-10-02,0.2038006741142313,0.20319559
2015-10-05,0.2051873764029719,0.20762756
2015-10-06,0.2060304936652182,0.20846033
2015-10-07,0.2066794709972218,0.20833568
2015-10-08,0.2068181399551864,0.20878348
2015-10-09,0.2075503195092415,0.2088657
2015-10-12,0.208476634757174,0.20966174
2015-10-13,0.2104124674750906,0.21084566
2015-10-14,0.2127975964284522,0.2131454
2015-10-15,0.215132799812217,0.21591154
2015-10-16,0.216730278239245,0.21831687
2015-10-19,0.2184165042910061,0.21959662
2015-10-20,0.2204743697588426,0.22106224
2015-10-21,0.223053634406081,0.22328489
2015-10-22,0.2259934391912999,0.22617637
2015-10-23,0.2297097952247583,0.22936036
2015-10-26,0.2336424770355512,0.23337938
2015-10-27,0.2365323604875391,0.23756306
2015-10-28,0.2364103277376196,0.24013498
2015-10-29,0.2361551756687826,0.23868276
2015-10-30,0.2355339338229179,0.2375175
2015-11-02,0.2353897194622721,0.23693374
2015-11-03,0.2375418821938889,0.23704565
2015-11-04,0.2403873897153275,0.24008967
2015-11-05,0.2421512725864589,0.24384488
2015-11-06,0.2451077220524539,0.24534127
2015-11-09,0.2479199529214377,0.24817185
2015-11-10,0.2475094872138601,0.2512889
2015-11-11,0.2457622447871391,0.24980116
2015-11-12,0.2444032822209034,0.24658002
2015-11-13,0.2428612662934224,0.2451043
2015-11-16,0.2421734584335508,0.24390635
2015-11-17,0.2411972218523874,0.24352098
2015-11-18,0.2430664970290282,0.24268888
2015-11-19,0.2446806116641007,0.24536629
2015-11-20,0.2450189659549893,0.24769722
2015-11-23,0.2437099247219846,0.24744412
2015-11-24,0.2432606327229052,0.24503216
2015-11-25,0.2415522165876862,0.24444589
2015-11-27,0.2416465180878325,0.24274808
2015-11-30,0.2418295672127119,0.24313053
2015-12-01,0.2412582424637128,0.24387114
2015-12-02,0.241663158532243,0.24309613
2015-12-03,0.2424230693360719,0.24346226
2015-12-04,0.2420736157670887,0.24465139
2015-12-07,0.2412582339909815,0.2440608
2015-12-08,0.2418351041426623,0.24268377
2015-12-09,0.239583102980949,0.24359258
2015-12-10,0.2390561583988653,0.24094307
2015-12-11,0.2379800833876053,0.24010837
2015-12-14,0.2391948358295608,0.23939164
2015-12-15,0.2396385824259588,0.24130024
2015-12-16,0.2407035708682213,0.24208017
2015-12-17,0.2407645830068154,0.24305838
2015-12-18,0.2412970729915809,0.24285325
2015-12-21,0.2400989609940355,0.24326581
2015-12-22,0.2394333389812559,0.24165031
2015-12-23,0.2404816827427422,0.24069424
2015-12-24,0.2418628396288015,0.24248865
2015-12-28,0.2422566648919681,0.24458368
2015-12-29,0.2422733053363786,0.24464923
2015-12-30,0.2407202028399001,0.24411649
2015-12-31,0.2389452291634057,0.24196476
2016-01-04,0.2365656498490912,0.23974241
2016-01-05,0.2319618006228372,0.23720336
2016-01-06,0.2278959952567615,0.23185094
2016-01-07,0.2252834539570681,0.22736107
2016-01-08,0.2234197241831086,0.22550207
2016-01-11,0.2192429811088422,0.22443607
2016-01-12,0.2194925877749975,0.21969774
2016-01-13,0.2181835423056272,0.22048628
2016-01-14,0.2169355089748508,0.2200437
2016-01-15,0.2141510135920065,0.21835783
2016-01-19,0.2134410241214085,0.2148987
2016-01-20,0.2132025124969819,0.21446265
2016-01-21,0.2143340584805202,0.2150216
2016-01-22,0.2154877903111501,0.21672766
2016-01-25,0.2155432570470628,0.21813482
2016-01-26,0.2238357268206361,0.21779081
2016-01-27,0.2317510160118185,0.2281413
2016-01-28,0.2417796331703839,0.2384517
2016-01-29,0.2513589668026012,0.2488553
2016-02-01,0.2614763400586314,0.25842297
2016-02-02,0.2622418005015075,0.26857042
2016-02-03,0.2577266988999868,0.26618943
2016-02-04,0.2492179075854447,0.25707203
2016-02-05,0.2408588760342302,0.2460944
2016-02-08,0.2343746608259723,0.23758401
2016-02-09,0.2296155021973435,0.23235533
2016-02-10,0.2284728654084422,0.22900017
2016-02-11,0.2295045687255184,0.22941661
2016-02-12,0.2326440546072958,0.2319946
2016-02-16,0.2340141164516259,0.23617724
2016-02-17,0.2354895663651,0.2372863
2016-02-18,0.2383461689282671,0.2380374
2016-02-19,0.2404816869791081,0.24128619
2016-02-22,0.2414135518660878,0.2437186
2016-02-23,0.2439650810271871,0.2439837
2016-02-24,0.245823261162099,0.24663097
2016-02-25,0.2456901333704504,0.2488453
2016-02-26,0.2481085432126328,0.24786976
2016-02-29,0.2498114139451702,0.2504423
2016-03-01,0.2506489815683695,0.25280455
2016-03-02,0.2509096790398875,0.25317013
2016-03-03,0.2502496151388864,0.25283155
2016-03-04,0.2480919070045882,0.25178292
2016-03-07,0.246738489841034,0.24894704
2016-03-08,0.2454849111075759,0.24749902
2016-03-09,0.2460506904538937,0.24665235
2016-03-10,0.2483581583515195,0.2479128
2016-03-11,0.2509873443319891,0.25127044
2016-03-14,0.2535776997845907,0.2544408
2016-03-15,0.2556300156133799,0.25691053
2016-03-16,0.2567615573605522,0.25863278
2016-03-17,0.2578487316499065,0.25927028
2016-03-18,0.2587251255646078,0.26009113
2016-03-21,0.258924810897532,0.26096138
2016-03-22,0.2600508157147542,0.2609352
2016-03-23,0.261293303642849,0.26218358
2016-03-24,0.2636728829571633,0.26378864
2016-03-28,0.2650318497597649,0.26659486
2016-03-29,0.2658971486327371,0.26787215
2016-03-30,0.2675667342400882,0.26819557
2016-03-31,0.2669343973524951,0.26995933
2016-04-01,0.2647600487737864,0.2688683
2016-04-04,0.2642109141082449,0.26546913
2016-04-05,0.2639557620394082,0.26507524
2016-04-06,0.2609438458375004,0.26565164
2016-04-07,0.2589691825917158,0.261822
2016-04-08,0.2580761482326043,0.2592535
2016-04-11,0.2563011745561097,0.25915194
2016-04-12,0.2547480678232655,0.25755668
2016-04-13,0.2541989373940896,0.2556955
2016-04-14,0.2550087695311497,0.25551546
2016-04-15,0.2559406301817635,0.25713265
2016-04-18,0.257000064748613,0.2584501
2016-04-19,0.258442238009632,0.25945452
2016-04-20,0.2589525421473054,0.26095995
2016-04-21,0.2587584064534286,0.26125374
2016-04-22,0.2568003878884202,0.26051405
2016-04-25,0.2548423693234118,0.25776768
2016-04-26,0.256667268569503,0.25538844
2016-04-27,0.2605611283251594,0.2586138
2016-04-28,0.2652592705788283,0.26446652
2016-04-29,0.2700683463043226,0.2698938
2016-05-02,0.2751547641821111,0.27462226
2016-05-03,0.2757538159445178,0.27965719
2016-05-04,0.2768132505113675,0.27868718
2016-05-05,0.2771848856910767,0.2785277
2016-05-06,0.2788877564236141,0.27900147
2016-05-09,0.279697588560674,0.28127417
2016-05-10,0.2810676461686385,0.28216803
2016-05-11,0.2812451456544707,0.28344795
2016-05-12,0.280928977210674,0.28331387
2016-05-13,0.279181734783953,0.28249553
2016-05-16,0.2781444860641954,0.28011033
2016-05-17,0.276219748388008,0.2790135
2016-05-18,0.2748552361827248,0.27710393
2016-05-19,0.2733576004221588,0.27574426
2016-05-20,0.273551736116036,0.274367
2016-05-23,0.2736848596713185,0.275155
2016-05-24,0.2751603095847925,0.27574262
2016-05-25,0.2762863101656491,0.2775957
2016-05-26,0.2778616027455851,0.2788813
2016-05-27,0.2784606587443577,0.2804446
2016-05-31,0.2790375246596728,0.28074932
2016-06-01,0.2784828445914495,0.28102404
2016-06-02,0.2781555811059241,0.280076
2016-06-03,0.2775731697879276,0.27956206
2016-06-06,0.2773568440105931,0.27901945
2016-06-07,0.2771516090386215,0.27892894
2016-06-08,0.2761254511242271,0.2788354
2016-06-09,0.2734407984078448,0.27752212
2016-06-10,0.2718765966332719,0.27398136
2016-06-13,0.269774359471252,0.27236193
2016-06-14,0.2674613461709447,0.27056012
2016-06-15,0.2654644928417026,0.2680847
2016-06-16,0.2651427789952245,0.2660873
2016-06-17,0.2648321559541093,0.26649112
2016-06-20,0.2644494257326714,0.26668864
2016-06-21,0.2648321559541094,0.2661812
2016-06-22,0.2643107610110726,0.26668394
2016-06-23,0.2618701695581639,0.2660846
2016-06-24,0.2609383089075502,0.2626869
2016-06-27,0.2610769821018803,0.2616891
2016-06-28,0.2606332355054823,0.26280263
2016-06-29,0.2618036120168884,0.26254907
2016-06-30,0.2647045862742397,0.26393467
2016-07-01,0.266923306547132,0.26786175
2016-07-05,0.2678607126004275,0.27033204
2016-07-06,0.2695025669580048,0.27041882
2016-07-07,0.2715437877450649,0.2718249
2016-07-08,0.27361274825463,0.274328
2016-07-11,0.2736571241851795,0.2765838
2016-07-12,0.2744558655168763,0.27585018
2016-07-13,0.274245089378589,0.2762719
2016-07-14,0.2750771115991067,0.27603257
2016-07-15,0.2765636565543092,0.27703717
2016-07-18,0.279414713714795,0.27906516
2016-07-19,0.2812562534052966,0.28261906
2016-07-20,0.2835526262611934,0.28440118
2016-07-21,0.2848062007582856,0.28643373
2016-07-22,0.2851445550491741,0.28739828
2016-07-25,0.2859321971027765,0.28713685
2016-07-26,0.2883672431530036,0.28783134
2016-07-27,0.2899980067052179,0.29112852
2016-07-28,0.2914845516604206,0.29300803
2016-07-29,0.2925218003801783,0.29407084
2016-08-01,0.2920614218121013,0.2948175
2016-08-02,0.2917064270768024,0.2937342
2016-08-03,0.2923775902558979,0.29300025
2016-08-04,0.2929045390743476,0.29420063
2016-08-05,0.2939972587663835,0.29509217
2016-08-08,0.2953118454020698,0.29628354
2016-08-09,0.2956113734014561,0.29778197
2016-08-10,0.2954616051653972,0.29774824
2016-08-11,0.2947072397642499,0.29706627
2016-08-12,0.2937310074194521,0.29599264
2016-08-15,0.2934481241008419,0.29485518
2016-08-16,0.2928989894353004,0.2948325
2016-08-17,0.2921668141176106,0.29445472
2016-08-18,0.2923054830755748,0.29355276
2016-08-19,0.2928989894353003,0.29392132
2016-08-22,0.2924053257420371,0.29497752
2016-08-23,0.2923942307003083,0.29418412
2016-08-24,0.2931707819485474,0.29393038
2016-08-25,0.2944964678623283,0.2951716
2016-08-26,0.2953118454020697,0.29699388
2016-08-29,0.2967762002738149,0.29770404
2016-08-30,0.2980408698126358,0.29916266
2016-08-31,0.2989006275192925,0.30053642
2016-09-01,0.3006700557931054,0.30118304
2016-09-02,0.3035599434814592,0.303132
2016-09-06,0.3058618659764033,0.30676103
2016-09-07,0.3063777197531243,0.30915844
2016-09-08,0.3075869225560324,0.30867296
2016-09-09,0.3061891294619286,0.30955014
2016-09-12,0.3043697756185191,0.30751795
2016-09-13,0.3033047956489879,0.30484283
2016-09-14,0.3043975238137553,0.304047
2016-09-15,0.3043753337302977,0.30641598
2016-09-16,0.3051685296593129,0.30661377
2016-09-19,0.3063721870595396,0.30718905
2016-09-20,0.3073317831962926,0.30869856
2016-09-21,0.306716082516744,0.30972514
2016-09-22,0.3059728121573255,0.3083425
2016-09-23,0.3060005434070991,0.30705473
2016-09-26,0.3056067223802979,0.30745432
2016-09-27,0.3045028991738018,0.30726406
2016-09-28,0.3046748490205869,0.3057252
2016-09-29,0.3054846896303781,0.30613452
2016-09-30,0.3052073517144495,0.3076515
2016-10-03,0.3047857909651437,0.30713066
2016-10-04,0.305146343812221,0.30618638
2016-10-05,0.3055457144780693,0.30681822
2016-10-06,0.3063610877814451,0.30756283
2016-10-07,0.3067438180028832,0.30851185
2016-10-10,0.3070655360857272,0.30879253
2016-10-11,0.3065552234753222,0.3089298
2016-10-12,0.3059395270321393,0.30807632
2016-10-13,0.3044418912715733,0.30720487
2016-10-14,0.3042699371884225,0.30539653
2016-10-17,0.3048578939091006,0.30553374
2016-10-18,0.306067096712009,0.30687654
2016-10-19,0.308391209290411,0.3085415
2016-10-20,0.3115750711027379,0.3113334
2016-10-21,0.3136384777368898,0.31509352
2016-10-24,0.3141543315136109,0.31686887
2016-10-25,0.3139823859031914,0.3162966
2016-10-26,0.3135497258757909,0.31538573
2016-10-27,0.3122795109342883,0.31482673
2016-10-28,0.3107319580768573,0.31331703
2016-10-31,0.3085853449842877,0.31148025
2016-11-01,0.3032104856761103,0.3090965
2016-11-02,0.2973641612308585,0.30239955
2016-11-03,0.2924607882415839,0.2954869
2016-11-04,0.2895320742617281,0.29106528
2016-11-07,0.2873189036278828,0.2894421
2016-11-08,0.2877626502242806,0.2880784
2016-11-09,0.2868030540875275,0.28952834
2016-11-10,0.2828814630820978,0.2886743
2016-11-11,0.2789876033264415,0.28305846
2016-11-14,0.2751935862372476,0.27817902
2016-11-15,0.2735239963935308,0.27471274
2016-11-16,0.272414632020719,0.2740531
2016-11-17,0.2761254384151301,0.27377763
2016-11-18,0.2784939269240813,0.27923715
2016-11-21,0.2809899893492682,0.2824057
2016-11-22,0.28242661297124,0.28425124
2016-11-23,0.2843069831896094,0.28505823
2016-11-25,0.2838077783300303,0.28686744
2016-11-28,0.282116002639222,0.2856865
2016-11-29,0.278932136590529,0.28290054
2016-11-30,0.2761698270547766,0.2789247
2016-12-01,0.2745168776554705,0.27611628
2016-12-02,0.2725422101733203,0.27515897
2016-12-05,0.2722815084654363,0.27349928
2016-12-06,0.2743948449055507,0.27365905
2016-12-07,0.2767688788171835,0.2770577
2016-12-08,0.276957469108379,0.28017792
2016-12-09,0.2786215093130483,0.27942088
2016-12-12,0.2798750880465062,0.28075972
2016-12-13,0.2807958536553912,0.28240538
2016-12-14,0.2809012417245348,0.2831649
2016-12-15,0.2817166235006419,0.28278816
2016-12-16,0.2810399149188649,0.28365877
2016-12-19,0.2803909418232271,0.28272802
2016-12-20,0.2786326085911428,0.2816619
2016-12-21,0.2771904395664895,0.27954492
2016-12-22,0.2765081855820309,0.2779949
2016-12-23,0.275304528181804,0.27773777
2016-12-27,0.2738124335875542,0.27664655
2016-12-28,0.2725089335208654,0.27483663
2016-12-29,0.2722815169381676,0.2734882
2016-12-30,0.2726586975205584,0.27375084
2017-01-03,0.2747387488354866,0.27467635
2017-01-04,0.2786547986746003,0.27746847
2017-01-05,0.2841184013711453,0.28244072
2017-01-06,0.2882729543619545,0.28889045
2017-01-09,0.2923775860195323,0.29282615
2017-01-10,0.2956779394154631,0.29629663
2017-01-11,0.2984125049923451,0.29923943
2017-01-12,0.3000599047526041,0.3016164
2017-01-13,0.30204011340107,0.3027296
2017-01-17,0.3028499540108613,0.30459493
2017-01-18,0.3030829159962405,0.30516762
2017-01-19,0.3034101752454002,0.30488646
2017-01-20,0.3042421932295522,0.30511734
2017-01-23,0.3062168522389708,0.3062932
2017-01-24,0.3091178264963219,0.3088949
2017-01-25,0.3119688836568078,0.31246206
2017-01-26,0.3131059835157588,0.3154695
2017-01-27,0.313632936570574,0.3157791
2017-01-30,0.3146036319854216,0.31547347
2017-01-31,0.3135275527377962,0.31654063
2017-02-01,0.3128619349613821,0.31497356
2017-02-02,0.3134609909601549,0.31386402
2017-02-03,0.314304095513304,0.31517565
2017-02-06,0.3148421309007509,0.31663322
2017-02-07,0.3166725797858897,0.31701404
2017-02-08,0.3184531073377972,0.31914127
2017-02-09,0.3195569263079275,0.3212976
2017-02-10,0.3206718445561524,0.3220591
2017-02-13,0.3202502922795777,0.32287148
2017-02-14,0.3200838793627427,0.32189217
2017-02-15,0.3197177895857152,0.32140914
2017-02-16,0.3195347446972014,0.32114244
2017-02-17,0.3207938603606093,0.32107526
2017-02-21,0.3218588488028717,0.32295278
2017-02-22,0.3227463419956675,0.32438582
2017-02-23,0.324343824659061,0.32503328
2017-02-24,0.3253533336563138,0.32675704
2017-02-27,0.3260744224050063,0.3277754
2017-02-28,0.3268509736532454,0.3281661
2017-03-01,0.3278105697899986,0.3288585
2017-03-02,0.3283707952609032,0.32997367
2017-03-03,0.3293470403147979,0.3304475
2017-03-06,0.3295134447589014,0.33145118
2017-03-07,0.3303343761740559,0.33142987
2017-03-08,0.3312329601722146,0.33226964
2017-03-09,0.3324421629751229,0.3334221
2017-03-10,0.3335626223896636,0.33480003
2017-03-13,0.3346719825261098,0.33592114
2017-03-14,0.3356426694682261,0.3369699
2017-03-15,0.3362250850225883,0.33786073
2017-03-16,0.3364136795501495,0.33824825
2017-03-17,0.3359643790783388,0.33816594
2017-03-20,0.33589226766165,0.3373725
2017-03-21,0.3356371113564475,0.33731875
2017-03-22,0.3359144492723763,0.3371815
2017-03-23,0.3361252254106635,0.3376456
2017-03-24,0.3379279345732971,0.33797494
2017-03-27,0.3396252514304216,0.3403873
2017-03-28,0.3412227340938151,0.34249267
2017-03-29,0.3421712394252051,0.34390792
2017-03-30,0.3432584094781938,0.34443402
2017-03-31,0.3432417690337834,0.3453937
2017-04-03,0.3427980351464826,0.3450141
2017-04-04,0.3421102272866109,0.34409568
2017-04-05,0.3414057789823289,0.34324536
2017-04-06,0.3407179711224574,0.3425812
2017-04-07,0.3397140032915206,0.34194902
2017-04-10,0.3384548791553812,0.34084177
2017-04-11,0.3374675517688544,0.33938265
2017-04-12,0.3378225507405193,0.33845282
2017-04-13,0.3377781875190668,0.33948803
2017-04-17,0.3390816918221214,0.3396928
2017-04-18,0.3414224448449335,0.3413107
2017-04-19,0.3438020199228824,0.34441486
2017-04-20,0.3460484799182796,0.34706667
2017-04-21,0.3491158628560999,0.3490853
2017-04-24,0.3514954379340485,0.35236967
2017-04-25,0.3536586872346626,0.3547194
2017-04-26,0.3573029360877979,0.3565275
2017-04-27,0.3611801511626782,0.36072305
2017-04-28,0.3646690863770732,0.36523625
2017-05-01,0.3675756145098372,0.36853582
2017-05-02,0.369322861172924,0.37092748
2017-05-03,0.369317320006608,0.371996
2017-05-04,0.3685407602856376,0.3709379
2017-05-05,0.3672649957050877,0.3694247
2017-05-08,0.366427423845523,0.36793488
2017-05-09,0.3659781233737121,0.36734834
2017-05-10,0.3660280447069432,0.36731052
2017-05-11,0.3655454802917743,0.36770505
2017-05-12,0.3651572004312892,0.36707535
2017-05-15,0.3621397472994312,0.3664914
2017-05-16,0.3608196110246977,0.36236137
2017-05-17,0.3595604868885584,0.3610114
2017-05-18,0.3584788580018856,0.36050558
2017-05-19,0.357530361143227,0.35960582
2017-05-22,0.3604091410807548,0.358624
2017-05-23,0.3627942742704821,0.36317176
2017-05-24,0.3650518250712425,0.3665036
2017-05-25,0.367348206399871,0.3682416
2017-05-26,0.3692285681455091,0.37023515
2017-05-30,0.3700550491997105,0.37199646
2017-05-31,0.3709702651695486,0.37223673
2017-06-01,0.371802287390066,0.3728955
2017-06-02,0.3720407947781269,0.37383938
2017-06-05,0.3729615603870121,0.37387082
2017-06-06,0.3747254474945092,0.37490973
2017-06-07,0.3725011860553007,0.37731534
2017-06-08,0.3696223891723104,0.37357137
2017-06-09,0.3684409176191754,0.36905256
2017-06-12,0.366848984594829,0.3686832
2017-06-13,0.3641255013505789,0.36782745
2017-06-14,0.3647023587931625,0.36440235
2017-06-15,0.367159594926847,0.3659614
2017-06-16,0.3680304476752326,0.3703842
2017-06-19,0.3700605818932953,0.37097052
2017-06-20,0.3720574267498058,0.37258977
2017-06-21,0.3745146713562218,0.37490186
2017-06-22,0.3749140335493388,0.37759274
2017-06-23,0.3739877183014064,0.37712243
2017-06-26,0.3736160873580628,0.3749342
2017-06-27,0.3723070418886926,0.37453488
2017-06-28,0.3700383918098375,0.37326783
2017-06-29,0.3671762438439888,0.37035513
2017-06-30,0.3670431118159745,0.36697355
2017-07-03,0.3645914253213372,0.36801553
2017-07-05,0.3648133007377189,0.3655213
2017-07-06,0.3662110980681886,0.36602515
2017-07-07,0.3700051193937483,0.36871815
2017-07-10,0.3747531872170141,0.37390834
2017-07-11,0.380544044926353,0.37950876
2017-07-12,0.385275463832477,0.38577905
2017-07-13,0.3887311181580512,0.39008436
2017-07-14,0.3929411421211384,0.39246312
2017-07-17,0.3958476702539025,0.39662927
2017-07-18,0.3987708388310771,0.39937463
2017-07-19,0.4012447154091718,0.40194616
2017-07-20,0.4047225598182036,0.40426978
2017-07-21,0.4060648777036634,0.40819636
2017-07-24,0.4068802594797705,0.40888295
2017-07-25,0.4101584185558781,0.40873247
2017-07-26,0.4146069499070261,0.41313326
2017-07-27,0.4164096675423913,0.41915375
2017-07-28,0.4189501058981277,0.41986027
2017-07-31,0.4209968720878693,0.42160496
2017-08-01,0.4199707141734749,0.42379892
2017-08-02,0.4184009712325859,0.421289
2017-08-03,0.4199152432011966,0.41849217
2017-08-04,0.4206751540050253,0.42168745
2017-08-07,0.4217179523638302,0.42336717
2017-08-08,0.421057875753732,0.42405462
2017-08-09,0.4202036719224885,0.4224492
2017-08-10,0.4195214221743953,0.4210155
2017-08-11,0.4193938482581599,0.42050365
2017-08-14,0.4187393297598403,0.42087176
2017-08-15,0.4184675414829588,0.42013276
2017-08-16,0.4180959105396153,0.41981268
2017-08-17,0.4164485065429905,0.4195133
2017-08-18,0.4156941453782088,0.41722748
2017-08-21,0.4149786062685638,0.41648716
2017-08-22,0.4154389975457379,0.4162014
2017-08-23,0.4148343919079179,0.41726592
2017-08-24,0.4145348639085316,0.41642696
2017-08-25,0.4136529203547832,0.415826
2017-08-28,0.4143240792975128,0.4147578
2017-08-29,0.4166703734866411,0.41606086
2017-08-30,0.4198320494518763,0.4197246
2017-08-31,0.4217623410034767,0.4237038
2017-09-01,0.4240032428870954,0.4249862
2017-09-05,0.4258281506059181,0.42676735
2017-09-06,0.4252623754959662,0.4285372
2017-09-07,0.4260888480774366,0.42674917
2017-09-08,0.4273313317691656,0.42753622
2017-09-11,0.4278638344630281,0.42969683
2017-09-12,0.4266158011322518,0.43008378
2017-09-13,0.4269985313536898,0.42756978
2017-09-14,0.425057148996726,0.42824182
2017-09-15,0.4248130919696182,0.42590964
2017-09-18,0.4243249694426707,0.42577675
2017-09-19,0.4244081716647225,0.425782
2017-09-20,0.4237980163878553,0.42610708
2017-09-21,0.4198375990909235,0.42520386
2017-09-22,0.4152282044619877,0.41936028
2017-09-25,0.4127376874394827,0.41343713
2017-09-26,0.4114175426920176,0.412173
2017-09-27,0.4116005875805313,0.41243082
2017-09-28,0.4152614768780771,0.41354072
2017-09-29,0.4184508840930857,0.41902927
2017-10-02,0.4188613455642973,0.42282552
2017-10-03,0.4202536017284509,0.4212673
2017-10-04,0.4210079713659638,0.42201152
2017-10-05,0.4226886562514091,0.42307982
2017-10-06,0.4235927814158839,0.4251682
2017-10-09,0.4259890054109743,0.425956
2017-10-10,0.4267156353259824,0.42880893
2017-10-11,0.4275532071855472,0.42917338
2017-10-12,0.4286736666000879,0.42946824
2017-10-13,0.4311808240670036,0.4307991
2017-10-16,0.4330057233130949,0.43422228
2017-10-17,0.4341206246158569,0.4361016
2017-10-18,0.4348084240029972,0.43648332
2017-10-19,0.4330057063676322,0.4366843
2017-10-20,0.4306150404843203,0.4336461
2017-10-23,0.4276031285187783,0.43031028
2017-10-24,0.4254232387737538,0.42711604
2017-10-25,0.4270318122425106,0.42544648
2017-10-26,0.4318020616765023,0.42928705
2017-10-27,0.4363837165829331,0.43676466
2017-10-30,0.4430731582904312,0.4417813
2017-10-31,0.4476714536412722,0.44881296
2017-11-01,0.4482483195565874,0.45275173
2017-11-02,0.4484147240006907,0.4504181
2017-11-03,0.4485201163062002,0.4491689
2017-11-06,0.4468006093656184,0.44975734
2017-11-07,0.447011393976637,0.4475092
2017-11-08,0.4467562461441658,0.4481882
2017-11-09,0.4459796948959266,0.4484972
2017-11-10,0.4447704920930183,0.44726816
2017-11-13,0.4438774492611751,0.44554958
2017-11-14,0.4440383040662317,0.44478494
2017-11-15,0.4443378235928864,0.4456727
2017-11-16,0.4443211916212075,0.44637224
2017-11-17,0.4464234287832274,0.44609264
2017-11-20,0.4480431015300788,0.44906121
2017-11-21,0.4498125298038917,0.45111376
2017-11-22,0.452047898993926,0.45260963
2017-11-24,0.4540891155446204,0.454989
2017-11-27,0.4503561148303859,0.45710668
2017-11-28,0.4483093401679131,0.45027387
2017-11-29,0.4440493948715949,0.4473054
2017-11-30,0.4376372910800253,0.4431052
2017-12-01,0.432317906980492,0.43529186
2017-12-04,0.4328337607572127,0.42996046
2017-12-05,0.4344756151147902,0.4341413
2017-12-06,0.4366388644154043,0.43822074
2017-12-07,0.4408377891003971,0.44027555
2017-12-08,0.4431286207899781,0.44500622
2017-12-11,0.4443711044817073,0.446812
2017-12-12,0.443400417539591,0.44666827
2017-12-13,0.4440549445106418,0.44427064
2017-12-14,0.4450422803698996,0.44536003
2017-12-15,0.4464567096720483,0.44735745
2017-12-18,0.4462292930893506,0.44912136
2017-12-19,0.4457078896735824,0.44800213
2017-12-20,0.4440549445106418,0.44674808
2017-12-21,0.4413758414333069,0.44457167
2017-12-22,0.4403274934354548,0.44121256
2017-12-26,0.4403441338798651,0.4408237
2017-12-27,0.4397950076870551,0.4420936
2017-12-28,0.4421357522371359,0.44150472
2017-12-29,0.4469503733653114,0.44486088
2018-01-02,0.4506722832741827,0.45179284
2018-01-03,0.4556255775966883,0.45547482
2018-01-04,0.4621818957489037,0.4601939
2018-01-05,0.4657595828243976,0.4678739
2018-01-08,0.4675179118201161,0.47036633
2018-01-09,0.469426013288259,0.46994936
2018-01-10,0.4652770014637661,0.47157595
2018-01-11,0.4597912129201292,0.46477297
2018-01-12,0.4540946567109361,0.45690626
2018-01-16,0.449635034554425,0.45140687
2018-01-17,0.4460406985617894,0.448255
2018-01-18,0.4493687789711281,0.44562796
2018-01-19,0.4554480823472218,0.4526195
2018-01-22,0.4604124674750907,0.462049
2018-01-23,0.4646724042986775,0.466456
2018-01-24,0.4695036743439951,0.46905223
2018-01-25,0.4698420328712493,0.47384697
2018-01-26,0.4686050818731046,0.47217447
2018-01-29,0.4687936679279343,0.46872488
2018-01-30,0.4719054310326698,0.46966636
2018-01-31,0.4720607446714103,0.4753833
2018-02-01,0.4694426537326694,0.4748511
2018-02-02,0.4684386859017328,0.46936744
2018-02-05,0.4647167844655926,0.4684461
2018-02-06,0.4527856112415658,0.46440116
2018-02-07,0.4449257887862959,0.4474554
2018-02-08,0.4422355864308665,0.43940955
2018-02-09,0.4354906737510902,0.4417699
2018-02-12,0.4351245839740625,0.43487808
2018-02-13,0.4397728091308661,0.43550208
2018-02-14,0.4404661581570536,0.44457424
2018-02-15,0.4402442827406717,0.4445295
2018-02-16,0.4428845637628701,0.44149533
2018-02-20,0.4425905854025311,0.44526166
2018-02-21,0.4444376662593487,0.44483405
2018-02-22,0.4486365994170727,0.44663602
2018-02-23,0.4516596191334405,0.4527518
2018-02-26,0.4518870441888695,0.4559495
2018-02-27,0.4501952684980613,0.45391828
2018-02-28,0.4464955486726474,0.45029253
2018-03-01,0.4439828415666849,0.445405
2018-03-02,0.4430509682069737,0.44336155
2018-03-05,0.446040690089058,0.44399542
2018-03-06,0.449590637442047,0.44951436
2018-03-07,0.4543664365150864,0.45428455
2018-03-08,0.4567848421209029,0.45929566
2018-03-09,0.4579496732296274,0.46045414
2018-03-12,0.458215920340193,0.460053
2018-03-13,0.4590590418388049,0.45962077
2018-03-14,0.4589813807830693,0.46085474
2018-03-15,0.4522142864925666,0.46069828
2018-03-16,0.4445985210644049,0.45020378
2018-03-19,0.4363892492765178,0.44019327
2018-03-20,0.4258669641883233,0.43229866
2018-03-21,0.411611686858626,0.42119882
2018-03-22,0.4046781796512885,0.40463254
2018-03-23,0.3958421290875867,0.40039247
2018-03-26,0.3867675541903613,0.3934919
2018-03-27,0.3839386786406019,0.383381
2018-03-28,0.381719949894978,0.3828596
2018-03-29,0.379528960871859,0.38301924
2018-04-02,0.3811264435352526,0.3804959
2018-04-03,0.3846264780277419,0.38321176
2018-04-04,0.383189858642136,0.38869092
2018-04-05,0.3845987467779685,0.3852737
2018-04-06,0.3895520411004743,0.38595784
2018-04-09,0.3957755503644823,0.39367566
2018-04-10,0.398288248997714,0.40178055
2018-04-11,0.4023485089611081,0.40241012
2018-04-12,0.4061758111754887,0.40562168
2018-04-13,0.4081837637828252,0.41005477
2018-04-16,0.4082059453935514,0.4113123
2018-04-17,0.410552256528142,0.4097111
2018-04-18,0.4115284931093055,0.41274476
2018-04-19,0.4120887185802103,0.41413996
2018-04-20,0.4071132341742467,0.41403
2018-04-23,0.4034135228215648,0.40621066
2018-04-24,0.406774884119724,0.40159106
2018-04-25,0.4108295944440709,0.40924433
2018-04-26,0.4142464267145085,0.41619667
2018-04-27,0.4221062491697782,0.4187438
2018-04-30,0.4311919148723666,0.4278711
2018-05-01,0.4311142538166308,0.43898413
2018-05-02,0.4327893975357604,0.4343624
2018-05-03,0.4361008375006887,0.43354428
2018-05-04,0.4389075144942593,0.43905628
2018-05-07,0.4425628541527576,0.4427785
2018-05-08,0.4489472266945535,0.44637707
2018-05-09,0.4547048035150721,0.45432785
2018-05-10,0.4595138834769316,0.4605888
2018-05-11,0.4625091634707947,0.4643477
2018-05-14,0.4628086914701809,0.4659255
2018-05-15,0.4618269052499704,0.46442306
2018-05-16,0.4594362308939271,0.46224323
2018-05-17,0.4582436685354293,0.45921227
2018-05-18,0.4579552313414061,0.45861748
2018-05-21,0.4600075471701949,0.45944905
2018-05-22,0.4612112003340562,0.46299055
2018-05-23,0.4624536840257853,0.46425673
2018-05-24,0.4631470330519727,0.46490422
2018-05-25,0.4652936419081766,0.46519992
2018-05-29,0.4680004847080163,0.46801856
2018-05-30,0.4724712146153532,0.47153348
2018-05-31,0.4771083489667938,0.47700223
2018-06-01,0.4811020471525465,0.48208195
2018-06-04,0.4831377225369248,0.4855298
2018-06-05,0.4811408692076828,0.48612708
2018-06-06,0.4784284852415274,0.4814139
2018-06-07,0.4774633309929956,0.47739556
2018-06-08,0.4771638029936091,0.4778402
2018-06-11,0.4777573178260659,0.47890806
2018-06-12,0.4825442077044681,0.48003662
2018-06-13,0.4862882992240657,0.48710516
2018-06-14,0.4900434900217574,0.4914149
2018-06-15,0.4928668159324696,0.49426112
2018-06-18,0.4981862000320031,0.4963084
2018-06-19,0.5007876589990652,0.50283104
2018-06-20,0.5040547272698095,0.50482166
2018-06-21,0.5029675572168208,0.50740606
2018-06-22,0.5038051206036545,0.5042019
2018-06-25,0.5003882883332165,0.5049759
2018-06-26,0.4974651197560422,0.5002835
2018-06-27,0.4933493888203699,0.49652678
2018-06-28,0.4939096142912745,0.49227247
2018-06-29,0.4904317698822428,0.4953922
2018-07-02,0.4918794800732116,0.49122003
2018-07-03,0.4957622363144077,0.49364802
2018-07-05,0.5015420116911151,0.500432
2018-07-06,0.5049699347669161,0.5077924
2018-07-09,0.5104113431436379,0.5097046
2018-07-10,0.5151094896336728,0.515083
2018-07-11,0.5173781397125274,0.5201188
2018-07-12,0.5187592881258551,0.52075356
2018-07-13,0.5223369836740803,0.5207961
2018-07-16,0.5261199141942772,0.5257791
2018-07-17,0.5267688915262807,0.53072864
2018-07-18,0.5282221513562972,0.5294198
2018-07-19,0.5302633763797229,0.53014517
2018-07-20,0.532859277235006,0.53319955
2018-07-23,0.5373743703637954,0.53650844
2018-07-24,0.5197188927353396,0.54215807
2018-07-25,0.5002773463886601,0.51203847
2018-07-26,0.4781733289363247,0.48490113
2018-07-27,0.4548268277922602,0.46391287
2018-07-30,0.4293947299305862,0.4417353
2018-07-31,0.4294557420691803,0.4155597
2018-08-01,0.4310587658988899,0.42791298
2018-08-02,0.439173744659362,0.4383667
2018-08-03,0.4454028035624176,0.44768983
2018-08-06,0.4529076270460226,0.45249388
2018-08-07,0.4566350781212098,0.45925426
2018-08-08,0.4580106853682217,0.46104434
2018-08-09,0.4548822902918072,0.4600658
2018-08-10,0.4533846587676072,0.45418558
2018-08-13,0.4502507225248768,0.45277813
2018-08-14,0.4455969562017574,0.45003918
2018-08-15,0.4420137279599476,0.4443512
2018-08-16,0.4378258856075865,0.44088107
2018-08-17,0.4331166483121888,0.43703994
2018-08-20,0.4298495800414443,0.4319129
2018-08-21,0.4288511533768233,0.42917
2018-08-22,0.4293226269866289,0.4298429
2018-08-23,0.4320738414806526,0.4316313
2018-08-24,0.4340928764206208,0.43559563
2018-08-27,0.435346450917713,0.43759885
2018-08-28,0.4379756411345482,0.4378728
2018-08-29,0.4385746971333209,0.44082418
2018-08-30,0.4350802122798787,0.44098017
2018-08-31,0.4300437157353212,0.4347313
2018-09-04,0.422627644112815,0.42777276
2018-09-05,0.4145293057967531,0.41935548
2018-09-06,0.4081227431714995,0.41076496
2018-09-07,0.4052273143168301,0.4053662
2018-09-10,0.4023540670728867,0.40493816
2018-09-11,0.401705089740883,0.4030466
2018-09-12,0.4013057275477662,0.40295863
2018-09-13,0.3993088826912553,0.40304646
2018-09-14,0.3961804791421096,0.40016678
2018-09-17,0.3967684443355191,0.39580256
2018-09-18,0.3993532543854391,0.39789712
2018-09-19,0.399691604439962,0.40280572
2018-09-20,0.402370707517297,0.40247044
2018-09-21,0.4049277863174438,0.40504065
2018-09-24,0.4070854859790106,0.4083018
2018-09-25,0.4086496792808525,0.41021442
2018-09-26,0.4094983419457801,0.41117868
2018-09-27,0.4078509464218868,0.41155213
2018-09-28,0.404755832234293,0.4085874
2018-10-01,0.4022486747673773,0.40416217
2018-10-02,0.3967074237241936,0.40179595
2018-10-03,0.3927525560663087,0.39538276
2018-10-04,0.3898737591833182,0.3913189
2018-10-05,0.3890805590179371,0.38965788
2018-10-08,0.3829513512540753,0.39027297
2018-10-09,0.3799006087606654,0.38211998
2018-10-10,0.3779093050704704,0.37855873
2018-10-11,0.3758403487972713,0.37828156
2018-10-12,0.3763284713242186,0.3766985
2018-10-15,0.380788101953461,0.3779484
2018-10-16,0.381658946229115,0.3848942
2018-10-17,0.3818309003122659,0.385172
2018-10-18,0.3825297989775005,0.3833581
2018-10-19,0.3800947529272737,0.3840478
2018-10-22,0.3726731231929889,0.38072887
2018-10-23,0.3704710433645067,0.37013945
2018-10-24,0.3656564052908683,0.36896688
2018-10-25,0.3586175057780215,0.36530277
2018-10-26,0.3540857637320903,0.35650682
2018-10-29,0.3572751794198304,0.35216942
2018-10-30,0.3577189217798625,0.35981935
2018-10-31,0.360481244024712,0.36145937
2018-11-01,0.3641365921559419,0.36356264
2018-11-02,0.3662000072628253,0.3678965
2018-11-05,0.3660557929021794,0.36959034
2018-11-06,0.3639036344069284,0.36772093
2018-11-07,0.3609139040521124,0.36406523
2018-11-08,0.3569590363942277,0.36041254
2018-11-09,0.3526436201256312,0.35614142
2018-11-12,0.3485889013285531,0.35162464
2018-11-13,0.3463590902502975,0.34772986
2018-11-14,0.343347169812024,0.34646407
2018-11-15,0.3378003606570616,0.34370002
2018-11-16,0.3324033155017922,0.33671814
2018-11-19,0.327189323707768,0.33054334
2018-11-20,0.3204665926387181,0.32572007
2018-11-21,0.3187193544483626,0.31867215
2018-11-23,0.320633005555553,0.31842536
2018-11-26,0.3230347791896905,0.32338658
2018-11-27,0.325175838406847,0.3268977
2018-11-28,0.3301014014795795,0.3284515
2018-11-29,0.332713942779273,0.33409527
2018-11-30,0.3343391482197088,0.33661085
2018-12-03,0.3359310812440553,0.33695087
2018-12-04,0.3352321910515518,0.3381607
2018-12-06,0.3359199989114235,0.33676535
2018-12-07,0.3364691335769649,0.33739913
2018-12-10,0.3401133909028317,0.33848095
2018-12-11,0.3430975631458688,0.3434426
2018-12-12,0.3467806340541409,0.3470089
2018-12-13,0.3458598599725242,0.35057193
2018-12-14,0.3467362538872255,0.3477294
2018-12-17,0.3404905545397596,0.34794465
2018-12-18,0.334050719498417,0.3395643
2018-12-19,0.323450781827218,0.33114606
2018-12-20,0.3145037850825938,0.31923383
2018-12-21,0.3092454131216545,0.31034473
2018-12-24,0.3099554025922524,0.30736026
2018-12-26,0.3098444691204273,0.31171325
2018-12-27,0.3132502021127703,0.3127422
2018-12-28,0.319695591029526,0.31659636
2018-12-31,0.3183421738659719,0.32490268
2019-01-02,0.3202447256950675,0.3212508
2019-01-03,0.3229349280504971,0.3215792
2019-01-04,0.3292804785371563,0.32584536
2019-01-07,0.3340229967213749,0.3343005
2019-01-08,0.3409343138452546,0.33922493
2019-01-09,0.344179200505273,0.34623232
2019-01-10,0.3482505512740301,0.34845078
2019-01-11,0.3518115979051135,0.35170925
2019-01-14,0.353647587956568,0.35540223
2019-01-15,0.3559217792017389,0.35658404
2019-01-16,0.3593829746936289,0.35848173
2019-01-17,0.3605921859692686,0.36276212
2019-01-18,0.3580129255583956,0.36347544
2019-01-22,0.3570644286997371,0.35843524
2019-01-23,0.3574582497265383,0.35710615
2019-01-24,0.356032729619027,0.35906285
2019-01-25,0.3541579005669729,0.35745832
2019-01-28,0.3575525427539532,0.35459444
2019-01-29,0.3691231758399996,0.36013314
2019-01-30,0.3783863452647861,0.3770855
2019-01-31,0.3904672824885061,0.38757485
2019-02-01,0.4054270165952169,0.39916375
2019-02-04,0.4165594569602784,0.4159296
2019-02-05,0.4163875028771279,0.42617738
2019-02-06,0.4172860784025552,0.41881984
2019-02-07,0.4153668776563178,0.4168413
2019-02-08,0.4119722269966063,0.4153409
2019-02-11,0.4084111803655228,0.4112794
2019-02-12,0.4070633043682842,0.40737545
2019-02-13,0.4043842012909494,0.4074273
2019-02-14,0.4024428189339855,0.40494788
2019-02-15,0.4010672116869736,0.40274823
2019-02-19,0.3988318340242083,0.40179634
2019-02-20,0.3976891929989412,0.39938205
2019-02-21,0.3988651064402976,0.39836746
2019-02-22,0.3998857231883763,0.4009907
2019-02-25,0.4000243963827061,0.4026305
2019-02-26,0.4008065057427241,0.40199715
2019-02-27,0.4010228315200585,0.40261844
2019-02-28,0.4025482027667637,0.40286422
2019-03-01,0.4065030704246484,0.40484715
2019-03-04,0.4118834666627761,0.41035244
2019-03-05,0.4161434119590942,0.4171044
2019-03-06,0.4202036719224883,0.4209357
2019-03-07,0.4228106805285974,0.42420465
2019-03-08,0.4231767703056251,0.42602843
2019-03-11,0.4236538020272093,0.4249696
2019-03-12,0.4242306679425244,0.42497322
2019-03-13,0.4222227238079192,0.4259924
2019-03-14,0.4157884299328923,0.42294332
2019-03-15,0.4100474935567844,0.4135514
2019-03-18,0.405648875066136,0.407064
2019-03-19,0.4033802334600123,0.4042027
2019-03-20,0.4024705586564905,0.40368202
2019-03-21,0.4056987879266356,0.403873
2019-03-22,0.4090878804745684,0.40914613
2019-03-25,0.4093263963353605,0.413583
2019-03-26,0.4090324179750216,0.41185856
2019-03-27,0.4103359222780759,0.40995374
2019-03-28,0.4116727074699514,0.4121431
2019-03-29,0.4152892250733132,0.41432297
2019-04-01,0.4195436207305842,0.41893932
2019-04-02,0.4253511188843338,0.4240719
2019-04-03,0.4303598757063865,0.43062162
2019-04-04,0.4338155300319607,0.4354672
2019-04-05,0.4356903506112831,0.43769684
2019-04-08,0.4380643845229159,0.43824494
2019-04-09,0.4388908571043861,0.44061777
2019-04-10,0.4407656861564398,0.4411332
2019-04-11,0.4433837770951806,0.44315204
2019-04-12,0.4440993162048257,0.44659314
2019-04-15,0.4446318104259568,0.44660684
2019-04-16,0.4450589208143101,0.44628245
2019-04-17,0.4463568670055862,0.44673944
2019-04-18,0.4486476986951672,0.4486459
2019-04-22,0.4507055641630035,0.451743
2019-04-23,0.4587373322286927,0.453906
2019-04-24,0.4660646604628314,0.4647678
2019-04-25,0.473464091640927,0.47355378
2019-04-26,0.4788001161848706,0.48014566
2019-04-29,0.4845965235332571,0.48393637
2019-04-30,0.4841916117010927,0.48941836
2019-05-01,0.4863992326958906,0.48603874
2019-05-02,0.4859000278363117,0.48791265
2019-05-03,0.4838865425353905,0.4874734
2019-05-06,0.4819507013447427,0.48408937
2019-05-07,0.4797985343767603,0.48182052
2019-05-08,0.4758436667188755,0.48002827
2019-05-09,0.4689989028999058,0.47517702
2019-05-10,0.4639845879660747,0.46627104
2019-05-13,0.4621707964708092,0.46159458
2019-05-14,0.461250030861924,0.46252826
2019-05-15,0.4595638048101627,0.46310452
2019-05-16,0.4602183317812138,0.4607365
2019-05-17,0.4624869818600685,0.4619635
2019-05-20,0.4619600288052533,0.46579832
2019-05-21,0.4585653866182731,0.46410832
2019-05-22,0.4562135343173665,0.45795032
2019-05-23,0.4570954778711152,0.4554386
2019-05-24,0.4556366684020517,0.4589085
2019-05-28,0.4543553541824546,0.4573813
2019-05-29,0.4524694427977692,0.45500305
2019-05-30,0.4430897987348416,0.45282134
2019-05-31,0.4337656171714609,0.43963355
2019-06-03,0.4259889969382429,0.4281549
2019-06-04,0.4178462954007287,0.42207485
2019-06-05,0.4155610133501947,0.41492978
2019-06-06,0.4214794619212322,0.41519204
2019-06-07,0.4273590799644018,0.4267623
2019-06-10,0.4311697332616404,0.43464282
2019-06-11,0.4362395106950185,0.4360765
2019-06-12,0.4406658604354406,0.44039822
2019-06-13,0.448536765223342,0.44512215
2019-06-14,0.4542888008775447,0.45461547
2019-06-17,0.4611890187233297,0.4603317
2019-06-18,0.4678784604308278,0.46687174
2019-06-19,0.4733198688075495,0.47374606
2019-06-20,0.4753111809704759,0.47854853
2019-06-21,0.4755164074697158,0.47823584
2019-06-24,0.4756162586089094,0.47659627
2019-06-25,0.4755996181644988,0.47663113
2019-06-26,0.4766313257179407,0.4770705
2019-06-27,0.4768531926615911,0.47881332
2019-06-28,0.4802700249320287,0.47894815
2019-07-01,0.4855616693090573,0.48371783
2019-07-02,0.4893889630507066,0.49101552
2019-07-03,0.4909198754637274,0.49432427
2019-07-05,0.49436444745667,0.49361095
2019-07-08,0.4986521240027615,0.49741146
2019-07-09,0.5008874847200646,0.503199
2019-07-10,0.505585631210099,0.50454384
2019-07-11,0.510106282450667,0.5097006
2019-07-12,0.5126744435834454,0.5150775
2019-07-15,0.5121585982794559,0.5163775
2019-07-16,0.5119090000860318,0.51330346
2019-07-17,0.5082980321217174,0.5125564
2019-07-18,0.5074160970407002,0.5077461
2019-07-19,0.506595174098277,0.50765634
2019-07-22,0.5081815574835764,0.5081197
2019-07-23,0.5081427269557084,0.5110425
2019-07-24,0.5089137285649001,0.510539
2019-07-25,0.5053748635445428,0.5109433
2019-07-26,0.5024239552448639,0.505206
2019-07-29,0.4966386387018406,0.50133806
2019-07-30,0.4922122889614188,0.49465448
2019-07-31,0.486260567974292,0.49047446
2019-08-01,0.4783785554355647,0.48441046
2019-08-02,0.4714284162565483,0.47513288
2019-08-05,0.4663919112392592,0.4681655
2019-08-06,0.4649663826590167,0.46480843
2019-08-07,0.4643174137997443,0.46592286
2019-08-08,0.4663364487397124,0.46645585
2019-08-09,0.4685218881237843,0.46949893
2019-08-12,0.4655044349919264,0.47215796
2019-08-13,0.4613055018342023,0.46605644
2019-08-14,0.4590035708665268,0.45937946
2019-08-15,0.459447313226559,0.4583074
2019-08-16,0.4568735939820018,0.4613894
2019-08-19,0.4590035623937954,0.45797926
2019-08-20,0.4586984847553618,0.46112505
2019-08-21,0.4553981355957966,0.46108812
2019-08-22,0.4521754474919672,0.45522997
2019-08-23,0.4507832082732764,0.4509705
2019-08-26,0.4497903312477028,0.4511145
2019-08-27,0.451748362521808,0.45115873
2019-08-28,0.4561414313734094,0.45453635
2019-08-29,0.4572674319542657,0.46088293
2019-08-30,0.4605067605025055,0.46070594
2019-09-03,0.4655765379358835,0.46348655
2019-09-04,0.466641526378146,0.47032088
2019-09-05,0.4683554921524122,0.46991694
2019-09-06,0.4704521796753849,0.47032917
2019-09-09,0.4712009996738507,0.47312894
2019-09-10,0.4692984478447551,0.47358963
2019-09-11,0.4691320434006513,0.46976045
2019-09-12,0.4677231552648187,0.46982718
2019-09-13,0.4687826025407655,0.46873924
2019-09-16,0.4685884668468884,0.47076765
2019-09-17,0.4700694663994095,0.47064927
2019-09-18,0.471589279534336,0.47245768
2019-09-19,0.4719220884225431,0.4744274
2019-09-20,0.4681502571804408,0.4740637
2019-09-23,0.4651882665481296,0.46758643
2019-09-24,0.4596248169487569,0.4639431
2019-09-25,0.4525082733256371,0.45787257
2019-09-26,0.4476603628359094,0.44946778
2019-09-27,0.4446262607869097,0.4455442
2019-09-30,0.4400778782965682,0.4445449
2019-10-01,0.4396729664644038,0.4396735
2019-10-02,0.4415311465993158,0.44047266
2019-10-03,0.4424186313193802,0.44473743
2019-10-04,0.443494710567006,0.44552588
2019-10-07,0.4464067798660857,0.4457678
2019-10-08,0.4467673200040661,0.44956815
2019-10-09,0.4488418259163126,0.44926885
2019-10-10,0.4508386792455547,0.45121357
2019-10-11,0.4570178252881107,0.45381352
2019-10-14,0.4623982299989695,0.46218145
2019-10-15,0.4681447160141247,0.46831277
2019-10-16,0.4690654900957414,0.47355583
2019-10-17,0.4726598176156456,0.47174072
2019-10-18,0.4690266510951422,0.4753051
2019-10-21,0.4671407312377252,0.46919405
2019-10-22,0.4649164697985171,0.4661708
2019-10-23,0.4660480115456893,0.4649102
2019-10-24,0.4658483262127651,0.4681837
2019-10-25,0.4697144504822821,0.46818456
2019-10-28,0.4708792815910068,0.47342393
2019-10-29,0.4738024416954496,0.47425145
2019-10-30,0.4769807581050954,0.47692764
2019-10-31,0.4799316664047745,0.48072356
2019-11-01,0.482710620621303,0.4836874
2019-11-04,0.4845410695064417,0.48611054
2019-11-05,0.4838588112856174,0.48738375
2019-11-06,0.4823167995945017,0.48509422
2019-11-07,0.4794823828784264,0.48245656
2019-11-08,0.4795655851004782,0.47907063
2019-11-11,0.4804752599040003,0.48067904
2019-11-12,0.4819895403453422,0.48316702
2019-11-13,0.4843524834516119,0.48502636
2019-11-14,0.4886734324137928,0.487651
2019-11-15,0.4913636347692225,0.49315003
2019-11-18,0.4937598502915812,0.4953961
2019-11-19,0.4964112221191429,0.49680835
2019-11-20,0.4984746372260262,0.49953315
2019-11-21,0.4998003231398073,0.50155425
2019-11-22,0.499606178973199,0.5022923
2019-11-25,0.5020966959957043,0.50108355
2019-11-26,0.5041545614635403,0.5047616
2019-11-27,0.5046426755177564,0.50767565
2019-11-29,0.5041046486030407,0.5069547
2019-12-02,0.5039604342423947,0.5051579
2019-12-03,0.502496075134284,0.50517535
2019-12-04,0.5021688158851243,0.5033863
2019-12-05,0.5030784906886465,0.50334144
2019-12-06,0.5042155736021345,0.5054206
2019-12-09,0.5061846872088718,0.5070428
2019-12-10,0.5047369770179027,0.5092722
2019-12-11,0.5008874931927958,0.506011
2019-12-12,0.4989904825300159,0.4996542
2019-12-13,0.4976148837557353,0.49848932
2019-12-16,0.4977480073110183,0.49864787
2019-12-17,0.5029120777718115,0.49975094
2019-12-18,0.5096736308959982,0.50790554
2019-12-19,0.5142552942751601,0.5168781
2019-12-20,0.5179882865166634,0.5199268
2019-12-23,0.5209225458992006,0.52180886
2019-12-24,0.5220540961191045,0.5241754
2019-12-26,0.5210057481212522,0.5243738
2019-12-27,0.5204898943445315,0.5217299
2019-12-30,0.5230747043944517,0.5211968
2019-12-31,0.5235628269213992,0.5262087
2020-01-02,0.5260588935829515,0.5265804
2020-01-03,0.5308568827394484,0.5291139
2020-01-06,0.5363870514500002,0.5358429
2020-01-07,0.5411129376625401,0.5424491
2020-01-08,0.5463213798175168,0.5464109
2020-01-09,0.5514854502783102,0.5513396
2020-01-10,0.5548135306876483,0.5566872
2020-01-13,0.5581027805691192,0.5589294
2020-01-14,0.5600275224816726,0.5616153
2020-01-15,0.5622906229214801,0.563
2020-01-16,0.5620299254499617,0.56526923
2020-01-17,0.5632835084197854,0.5637992
2020-01-21,0.562512498337862,0.5653191
2020-01-22,0.5603880710923843,0.56412935
2020-01-23,0.5563555423787636,0.5606142
2020-01-24,0.5543309493270168,0.5551869
2020-01-27,0.5553903796575008,0.5542267
2020-01-28,0.5497160050590342,0.5581618
2020-01-29,0.5408244750503228,0.5492498
2020-01-30,0.5349004937857007,0.53578484
2020-01-31,0.5304852433233733,0.5313622
2020-02-03,0.5232078448951973,0.52986944
2020-02-04,0.5239400244492527,0.521267
2020-02-05,0.5297197913532288,0.5252013
2020-02-06,0.5346398047869136,0.53655374
2020-02-07,0.5331754456788029,0.5416845
2020-02-10,0.533535977344052,0.5346905
2020-02-11,0.5348061922855545,0.53381205
2020-02-12,0.5358323501999489,0.53717625
2020-02-13,0.5384615319440531,0.53872776
2020-02-14,0.5441747455431185,0.5419075
2020-02-18,0.5462936316222802,0.5498771
2020-02-19,0.5446517772647033,0.5506002
2020-02-20,0.5371857843089658,0.5450279
2020-02-21,0.5255208581955044,0.5332296
2020-02-24,0.5142663850805234,0.5183596
2020-02-25,0.5004936721659945,0.5073784
2020-02-26,0.490670285743035,0.49353266
2020-02-27,0.4882962518314021,0.4855141
2020-02-28,0.4822613286222236,0.48864344
2020-03-02,0.4792438670176343,0.48258352
2020-03-03,0.4767034286618981,0.47872618
2020-03-04,0.4703911590640593,0.4770779
2020-03-05,0.4554480654017592,0.4688794
2020-03-06,0.4511770293000776,0.44794753
2020-03-09,0.4392403149097349,0.44701812
2020-03-10,0.4222116245298248,0.43579647
2020-03-11,0.4162155318485145,0.41359708
2020-03-12,0.4031860892934042,0.4113131
2020-03-13,0.3872279285220725,0.39953837
2020-03-16,0.374314969077835,0.37952197
2020-03-17,0.3735716987184165,0.36690092
2020-03-18,0.3621730197155207,0.3733764
2020-03-19,0.3633323096579295,0.36100996
2020-03-20,0.3697444134494986,0.36309603
2020-03-23,0.3748752114942025,0.375507
2020-03-24,0.3805384952873057,0.3816146
2020-03-25,0.3844545324173228,0.3856378
2020-03-26,0.3943555714232868,0.38859835
2020-03-27,0.3975838176388949,0.40077427
2020-03-30,0.399464179384533,0.40290225
2020-03-31,0.3966075810577315,0.40169376
2020-04-01,0.3951598708667623,0.39629313
2020-04-02,0.394938003923112,0.3947519
2020-04-03,0.3960640045039684,0.39608777
2020-04-06,0.4042067060414828,0.39850324
2020-04-07,0.4136362714376413,0.4101127
2020-04-08,0.4250682313293578,0.42215702
2020-04-09,0.4320682918416054,0.43424514
2020-04-13,0.4365833849703947,0.43897897
2020-04-14,0.4376761131351619,0.4405635
2020-04-15,0.4399225731305594,0.43944213
2020-04-16,0.4418362242377494,0.44187656
2020-04-17,0.4377482330245821,0.44457528
2020-04-20,0.4406935916852139,0.4375508
2020-04-21,0.4456191547579464,0.44211742
2020-04-22,0.4516263467173512,0.45090422
2020-04-23,0.456762685928371,0.45789555
2020-04-24,0.4634798673583736,0.46206474
2020-04-27,0.4700861068438201,0.46904874
2020-04-28,0.4809467504592689,0.47610888
2020-04-29,0.4877138447497713,0.48914495
2020-04-30,0.4975649624225046,0.49492258
2020-05-01,0.5109660443936896,0.5047262
2020-05-04,0.5188868789875534,0.52122754
2020-05-05,0.5225200285625942,0.5272001
2020-05-06,0.5281112094117406,0.52592665
2020-05-07,0.5325042782633418,0.53174746
2020-05-08,0.5341849546760558,0.5372068
2020-05-11,0.5323156922085119,0.5371108
2020-05-12,0.5298473652694642,0.5323283
2020-05-13,0.5290319834933572,0.5289663
2020-05-14,0.5290375416051358,0.52971977
2020-05-15,0.5327982735691437,0.531144
2020-05-18,0.5465931680943983,0.5371573
2020-05-19,0.5602272078145971,0.5577319
2020-05-20,0.5735561783690932,0.5738206
2020-05-21,0.5841006450680142,0.58512926
2020-05-22,0.5909010287200684,0.5928903
2020-05-26,0.5883994208922003,0.59659946
2020-05-27,0.5849049360387579,0.58761656
2020-05-28,0.583240891597723,0.58172345
2020-05-29,0.5835293287917462,0.5828732
2020-06-01,0.5840951039016979,0.58607435
2020-06-02,0.5845554867061407,0.58718246
2020-06-03,0.5877060718660128,0.58713555
2020-06-04,0.5874231843110367,0.5916856
2020-06-05,0.590723533470602,0.5900312
2020-06-08,0.5943677823237374,0.59414625
2020-06-09,0.5933360747702956,0.5993544
2020-06-10,0.5921213308010715,0.59524065
2020-06-11,0.5927314776052073,0.59210956
2020-06-12,0.5910563423588089,0.59457463
2020-06-15,0.5903907245823952,0.59252656
2020-06-16,0.5967750971241907,0.5915404
2020-06-17,0.602438372444563,0.6028572
2020-06-18,0.6061658319924814,0.61023575
2020-06-19,0.6098211801237112,0.6112203
2020-06-22,0.6089836167368778,0.6136392
2020-06-23,0.6088393939035004,0.6103096
2020-06-24,0.5962426113757908,0.6095495
2020-06-25,0.5859366435921998,0.58998686
2020-06-26,0.5775221453050725,0.57799375
2020-06-29,0.5794801681064465,0.57346994
2020-06-30,0.5782265936093545,0.5833022
2020-07-01,0.5916498571912658,0.582508
2020-07-02,0.6028654997783791,0.6022325
2020-07-06,0.6120232684249249,0.6159169
2020-07-07,0.6158782934163476,0.62104535
2020-07-08,0.6223403270138792,0.6196654
2020-07-09,0.6216303375432812,0.62691003
2020-07-10,0.6210035418220039,0.62343985
2020-07-13,0.6191730929368653,0.6209422
2020-07-14,0.6171928800520334,0.6193662
2020-07-15,0.6155066455275409,0.61772305
2020-07-16,0.6190676921586247,0.6163877
2020-07-17,0.6201881515731651,0.62359554
2020-07-20,0.6199607265177363,0.62460095
2020-07-21,0.6153402410834374,0.62181866
2020-07-22,0.6090612693198822,0.6138162
2020-07-23,0.6024494801953886,0.6057347
2020-07-24,0.5959985458759514,0.5993715
2020-07-27,0.592348747383769,0.5936903
2020-07-28,0.5934026365479368,0.5920693
2020-07-29,0.6061380922699766,0.59687746
2020-07-30,0.6163774982759265,0.6179175
2020-07-31,0.6273102533080639,0.6289631
2020-08-03,0.63609084984495,0.63713443
2020-08-04,0.6531639203917752,0.6438981
2020-08-05,0.6613565517352522,0.6661281
2020-08-06,0.6674802183327981,0.6710465
2020-08-07,0.6709747031862403,0.6719105
2020-08-10,0.6769486227295558,0.67383534
2020-08-11,0.6747409847892953,0.6822373
2020-08-12,0.6707472781308113,0.67580515
2020-08-13,0.669726669855464,0.6681564
2020-08-14,0.673171233375675,0.6700851
2020-08-17,0.6746688564271437,0.67872024
2020-08-18,0.6789454506406041,0.67970186
2020-08-19,0.6821459740791698,0.6841322
2020-08-20,0.6878203486776366,0.68724227
2020-08-21,0.6980708454889495,0.6940273
2020-08-24,0.7209902447173921,0.7081203
2020-08-25,0.7344190494656191,0.74108505
2020-08-26,0.7492012713774003,0.74987525
2020-08-27,0.7612988575182624,0.7598394
2020-08-28,0.7694082781669558,0.7709525
2020-08-31,0.7686261772796696,0.7761592
2020-09-01,0.767461346170945,0.76809263
2020-09-02,0.7613987001847242,0.76575184
2020-09-03,0.7491735316548953,0.7585437
2020-09-04,0.7371258837927275,0.74168146
2020-09-08,0.7180393279449813,0.72949755
2020-09-09,0.7044441187526507,0.7073564
2020-09-10,0.6952474941600431,0.69660014
2020-09-11,0.6959464097707404,0.69338554
2020-09-14,0.6902886586712214,0.70173347
2020-09-15,0.6829280580209935,0.692557
2020-09-16,0.6751181568989546,0.6796578
2020-09-17,0.6651339156709388,0.6712619
2020-09-18,0.6553327023859739,0.6607316
2020-09-21,0.6472898435149215,0.6507313
2020-09-22,0.6443555756596524,0.64437306
2020-09-23,0.6456257990738867,0.6455037
2020-09-24,0.6504348959812092,0.6506046
2020-09-25,0.6543398507785945,0.65777785
2020-09-28,0.6614841256514876,0.6606891
2020-09-29,0.6709691704926559,0.6686462
2020-09-30,0.6738091283750471,0.68046355
2020-10-01,0.6781522674206859,0.67884505
2020-10-02,0.6764161200356933,0.6815785
2020-10-05,0.6743194240399895,0.67711616
2020-10-06,0.6727274825429117,0.6735795
2020-10-07,0.6752291073162426,0.6733119
2020-10-08,0.6813860548026096,0.6795523
2020-10-09,0.6910818757820651,0.6893193
2020-10-12,0.6986810177112792,0.70163953
2020-10-13,0.7003228805415882,0.7075368
2020-10-14,0.7011437865385481,0.70321846
2020-10-15,0.6931841129440852,0.7019094
2020-10-16,0.6884249458427247,0.68902457
2020-10-19,0.6922577892234212,0.68508273
2020-10-20,0.6985811411538918,0.6977497
2020-10-21,0.7090424225762235,0.7085082
2020-10-22,0.7177564573354684,0.7204313
2020-10-23,0.7264815744273447,0.7275076
2020-10-26,0.7203468085517042,0.73461705
2020-10-27,0.7218499897149515,0.7175431
2020-10-28,0.7098245065180468,0.72097814
2020-10-29,0.7010882901480759,0.70448035
2020-10-30,0.6911095816136446,0.6946765
2020-11-02,0.7020423197003189,0.68673295
2020-11-03,0.7097246469061222,0.7129085
2020-11-04,0.7265314788151129,0.7238308
2020-11-05,0.7361884607939695,0.7420614
2020-11-06,0.7401433284518542,0.7472233
2020-11-09,0.734097322910044,0.7434337
2020-11-10,0.7232255715437692,0.72909594
2020-11-11,0.7140955256742656,0.71435076
2020-11-12,0.7142009264525064,0.70823747
2020-11-13,0.7156264635054805,0.7176601
2020-11-16,0.7131248387321496,0.7225971
2020-11-17,0.7119378429581615,0.7153299
2020-11-18,0.7079164135226352,0.7126773
2020-11-19,0.7020756175346023,0.7076725
2020-11-20,0.703140605976865,0.6999577
2020-11-23,0.7051485585842012,0.7059105
2020-11-24,0.7078498517449938,0.7111403
2020-11-25,0.7118823804586145,0.71330357
2020-11-27,0.7219331919370031,0.7174692
2020-11-30,0.72781279303471,0.73198676
2020-12-01,0.7312850878046948,0.73608255
2020-12-02,0.7323334358025466,0.73521566
2020-12-03,0.7371092264028545,0.734104
2020-12-04,0.7353619797397677,0.74204636
2020-12-07,0.7300370714193809,0.73729914
2020-12-08,0.7274134223688615,0.727123
2020-12-09,0.7240021143192774,0.7266218
2020-12-10,0.7176843035551228,0.7249074
2020-12-11,0.7133300652313896,0.71607447
2020-12-14,0.7120820319006134,0.7122317
2020-12-15,0.710617689737965,0.7144453
2020-12-16,0.7121985319569484,0.71352494
2020-12-17,0.7114219891814406,0.7163077
2020-12-18,0.7067294008031846,0.7143135
2020-12-21,0.7025359918663137,0.70554477
2020-12-22,0.698608846985471,0.70084417
2020-12-23,0.6989416728191404,0.69835764
2020-12-24,0.7011548349802545,0.7021141
2020-12-28,0.7038062068078161,0.7066698
2020-12-29,0.7066073595805336,0.70918876
2020-12-30,0.7074615803572399,0.7113174
2020-12-31,0.7041168510307598,0.7105104
2021-01-04,0.6966453084359747,0.7035666
2021-01-05,0.6949091610509828,0.69246817
2021-01-06,0.6918084972243419,0.6948336
2021-01-07,0.6850968569606548,0.6936507
2021-01-08,0.6740698089011028,0.6832763
2021-01-11,0.6675966929709392,0.66789985
2021-01-12,0.6547835761931635,0.66431195
2021-01-13,0.6457922035179899,0.6496703
2021-01-14,0.6481551466242599,0.64108515
2021-01-15,0.6572463619658955,0.6527734
2021-01-19,0.6690222215511821,0.66955876
2021-01-20,0.685030286710282,0.6824825
2021-01-21,0.6998125340402575,0.6996564
2021-01-22,0.7114330715140722,0.71353877
2021-01-25,0.7140178815639924,0.72142124
2021-01-26,0.7096525439621648,0.71639776
2021-01-27,0.7006833613704491,0.70546436
2021-01-28,0.6918084633334163,0.69375986
2021-01-29,0.6835048985181145,0.6863375
2021-02-01,0.6804596971910204,0.68024516
2021-02-02,0.6812861782452222,0.68148607
2021-02-03,0.6867054219566802,0.6862488
2021-02-04,0.6892403106733693,0.6947553
2021-02-05,0.6905549227272496,0.6951068
2021-02-08,0.6934503600546504,0.69338197
2021-02-09,0.6956136178279961,0.6971475
2021-02-10,0.6969448364353614,0.6998216
2021-02-11,0.7010439269266233,0.700182
2021-02-12,0.7033292089771572,0.70600647
2021-02-16,0.7019536102028767,0.7080162
2021-02-17,0.6970557783799181,0.70305353
2021-02-18,0.6914146846702722,0.69475687
2021-02-19,0.6869162235131621,0.6886644
2021-02-22,0.6817798673566791,0.6859412
2021-02-23,0.6736260580683391,0.6812092
2021-02-24,0.671440618684267,0.6706127
2021-02-25,0.6739810655127352,0.6717105
2021-02-26,0.6701759618545435,0.67980194
2021-03-01,0.6652393164491797,0.67201746
2021-03-02,0.666875629640441,0.6629212
2021-03-03,0.6705697913540762,0.6694889
2021-03-04,0.665244849142764,0.6773635
2021-03-05,0.6689833910233141,0.66519105
2021-03-08,0.674247304150569,0.6715243
2021-03-09,0.6832553087974218,0.6819316
2021-03-10,0.6855405908479555,0.6932041
2021-03-11,0.6957689060485426,0.6904758
2021-03-12,0.7032792706984636,0.70354486
2021-03-15,0.7138792168423937,0.712301
2021-03-16,0.7165083901137663,0.7235202
2021-03-17,0.7285504968096186,0.720894
2021-03-18,0.7395276150632082,0.73733693
2021-03-19,0.7458232442166366,0.7514791
2021-03-22,0.744785995496879,0.7528643
2021-03-23,0.7448525572745204,0.7443057
2021-03-24,0.7409198881728245,0.74456376
2021-03-25,0.7394111658432614,0.74021965
2021-03-26,0.737952364846929,0.7401087
2021-03-29,0.7448248514429412,0.7400916
2021-03-30,0.7558740895859508,0.75304097
2021-03-31,0.7702347592211574,0.76907146
2021-04-01,0.7787990130352465,0.78510356
2021-04-05,0.7927159318376897,0.7881218
2021-04-06,0.8029719698153182,0.8034391
2021-04-07,0.8106265572986169,0.8132127
2021-04-08,0.8120853752404116,0.81729907
2021-04-09,0.8140267660701066,0.81355506
2021-04-12,0.808330209860914,0.8155635
2021-04-13,0.8054458718116078,0.80591446
2021-04-14,0.8019624777635284,0.8041234
2021-04-15,0.79680393999632,0.80274856
2021-04-16,0.792860154671067,0.79634035
2021-04-19,0.792111334672601,0.7927478
2021-04-20,0.7858434452416778,0.7952369
2021-04-21,0.783042326359886,0.7853458
2021-04-22,0.7834860771926493,0.78293824
2021-04-23,0.7839963898030544,0.7876813
2021-04-26,0.7871192352404217,0.78881156
2021-04-27,0.8054181490345653,0.7927202
2021-04-28,0.8187027309494153,0.82301724
2021-04-29,0.8295411844814062,0.8354481
2021-04-30,0.8377448896847834,0.8389321
2021-05-03,0.842137950063653,0.8439182
2021-05-04,0.8368740284636667,0.8458956
2021-05-05,0.8335459395815965,0.83302593
2021-05-06,0.8243327084355039,0.8305176
2021-05-07,0.8177708491169728,0.8201444
2021-05-10,0.8108539823540455,0.8150418
2021-05-11,0.8026669006496165,0.8097564
2021-05-12,0.8009252120983081,0.80048966
2021-05-13,0.8061891167528319,0.8032058
2021-05-14,0.8080916685819275,0.8157712
2021-05-17,0.8142153521249365,0.8151681
2021-05-18,0.8216203329420795,0.8212208
2021-05-19,0.8217811962198671,0.83065385
2021-05-20,0.8268676140976559,0.8246707
2021-05-21,0.8367575792437196,0.83117265
2021-05-24,0.8445619307267112,0.84779704
2021-05-25,0.8524051042648395,0.85459673
2021-05-26,0.8593386114721766,0.86010236
2021-05-27,0.8618346781337292,0.8662854
2021-05-28,0.8625890223530484,0.86519843
2021-06-01,0.8616904383548891,0.86383283
2021-06-02,0.8603592197475238,0.862579
2021-06-03,0.8647134411257942,0.8615863
2021-06-04,0.8672372305643887,0.871167
2021-06-07,0.8678473858412559,0.8737263
2021-06-08,0.8714084409450709,0.87082416
2021-06-09,0.8719131954436974,0.87622696
2021-06-10,0.872018596221938,0.87560636
2021-06-11,0.8737214796635724,0.8741433
2021-06-14,0.8741818539952835,0.87758905
2021-06-15,0.876428313990681,0.8778487
2021-06-16,0.8755408292706164,0.8809014
2021-06-17,0.8730558618871582,0.87795764
2021-06-18,0.8743205187168819,0.8731567
2021-06-21,0.8795955395949633,0.8778594
2021-06-22,0.8832952424749141,0.88806033
2021-06-23,0.8897905400158039,0.8904051
2021-06-24,0.9027423299879094,0.89727646
2021-06-25,0.9098755394736338,0.9161617
2021-06-28,0.9138248659652028,0.9190606
2021-06-29,0.9200428510083576,0.9168834
2021-06-30,0.927436749492869,0.92534083
2021-07-01,0.92585036610757,0.93583095
2021-07-02,0.9250737894411368,0.9264728
2021-07-06,0.9239311399431382,0.9240932
2021-07-07,0.921729060114656,0.92539763
2021-07-08,0.9208748562834128,0.9230856
2021-07-09,0.9204921260619744,0.9231955
2021-07-12,0.9189057596221382,0.92383385
2021-07-13,0.9182456999575028,0.9210328
2021-07-14,0.91310934380102,0.92062527
2021-07-15,0.904117979598578,0.9121823
2021-07-16,0.8983326630555546,0.89898765
2021-07-19,0.897556103334584,0.8964128
2021-07-20,0.9012891040488183,0.9021356
2021-07-21,0.9171696122371455,0.91013455
2021-07-22,0.9368662894708336,0.9352552
2021-07-23,0.9513711819394176,0.95867485
2021-07-26,0.9663752877403122,0.96513075
2021-07-27,0.9703301553981968,0.97684246
2021-07-28,0.9628475135253178,0.9722284
2021-07-29,0.9514710415513424,0.9532685
2021-07-30,0.9422799750705132,0.9401428
2021-08-02,0.9343147772551968,0.93722534
2021-08-03,0.9368940461388008,0.9333353
2021-08-04,0.9408932939636008,0.9449363
2021-08-05,0.9462514831728084,0.9514031
2021-08-06,0.951737288661908,0.9547388
2021-08-09,0.9523141291590288,0.9588187
2021-08-10,0.9521366254368308,0.9545367
2021-08-11,0.9519535805483168,0.95263565
2021-08-12,0.9546992538760252,0.9538522
2021-08-13,0.953212713157188,0.95997643
2021-08-16,0.9507111222747822,0.95541394
2021-08-17,0.946534387673247,0.9503785
2021-08-18,0.9444210512331324,0.94556934
2021-08-19,0.9426405406266876,0.9457953
2021-08-20,0.9465565862294358,0.9453203
2021-08-23,0.9537341589366126,0.9537633
2021-08-24,0.958870498147632,0.9644165
2021-08-25,0.9662255576315446,0.96650356
2021-08-26,0.9758270601653912,0.973683
2021-08-27,0.983520469703826,0.9858582
2021-08-30,0.9910973791859254,0.9917422
2021-08-31,0.9971433847277362,0.99785084
2021-09-01,0.9991568785013882,1.0028132
2021-09-02,1.0000000000000002,1.0012114
2021-09-03,0.9989960321690632,1.0008838
2021-09-07,0.9967495891191288,0.99956965
2021-09-08,0.9986410586155928,0.99681634
2021-09-09,0.998779740282654,1.002965
2021-09-10,0.9956457955671923,1.0028144
2021-09-13,0.9936212194609086,0.9952686
2021-09-14,0.9908810872995166,0.99382377
2021-09-15,0.983132198316072,0.99193066
2021-09-16,0.9715892880070676,0.97968346
2021-09-17,0.9610226396974209,0.96416795
2021-09-20,0.9439883827330008,0.9556286
2021-09-21,0.928956554155064,0.9350295
2021-09-22,0.9224335168916692,0.9208241
2021-09-23,0.9212575865048503,0.923776
2021-09-24,0.911922297190644,0.92882174
2021-09-27,0.9099254438614022,0.9106667
2021-09-28,0.9062812034809982,0.91066235
2021-09-29,0.9007621340485404,0.9088275
2021-09-30,0.8855916407490052,0.9002127
2021-10-01,0.8813261458136397,0.8762342
2021-10-04,0.8780147312669055,0.8798929
2021-10-05,0.8723736206117967,0.88258344
2021-10-06,0.8651849486265253,0.87321264
2021-10-07,0.8647522970718564,0.86264914
2021-10-08,0.8596547799159733,0.86795455
2021-10-11,0.8546071840933218,0.8611772
2021-10-12,0.8542244538718833,0.8534662
2021-10-13,0.8512902114348084,0.85734695
2021-10-14,0.8567759830329826,0.8538919
2021-10-15,0.8657729053472036,0.86433804
2021-10-18,0.8747809099940562,0.87816083
2021-10-19,0.882185890811199,0.885896
2021-10-20,0.8821026716436846,0.88993955
2021-10-21,0.8784140510963658,0.8828605
2021-10-22,0.8650018867925486,0.87512887
2021-10-25,0.8491602006593582,0.85537875
2021-10-26,0.8353153848008723,0.8376082
2021-10-27,0.834738527358289,0.82806945
2021-10-28,0.8354540834133968,0.8402884
2021-10-29,0.8422600082317673,0.84464884
2021-11-01,0.853020817653485,0.8527324
2021-11-02,0.8635209211309531,0.86606216
2021-11-03,0.8732611053318611,0.8754098
2021-11-04,0.8780535363765793,0.88261884
2021-11-05,0.8820971474228314,0.882733
2021-11-08,0.8798895264280335,0.88536084
2021-11-09,0.8753910483254603,0.87932974
2021-11-10,0.8752579417156403,0.87250483
2021-11-11,0.880216777204462,0.8774015
2021-11-12,0.8844268096402803,0.88888353
2021-11-15,0.8917097492347725,0.89254963
2021-11-16,0.8977835114445503,0.9002199
2021-11-17,0.900229639827409,0.90549403
2021-11-18,0.8965964987250998,0.9038352
2021-11-19,0.8934292731208173,0.8943653
2021-11-22,0.893590136398605,0.89163435
2021-11-23,0.8905005718500585,0.8969068
2021-11-24,0.886468043136438,0.89237756
2021-11-26,0.8772880589882404,0.8858827
2021-11-29,0.8625058370764591,0.872808
2021-11-30,0.8454937956136908,0.8531058
2021-12-01,0.8309167832556867,0.8347858
2021-12-02,0.8197344215573943,0.82389563
2021-12-03,0.8188192140602879,0.8171558
2021-12-06,0.8298906168685609,0.8245886
2021-12-07,0.8406680497892267,0.84620804
2021-12-08,0.8533757912069555,0.8563624
2021-12-09,0.8625945804648267,0.8660879
2021-12-10,0.8686572264510473,0.87149656
2021-12-13,0.874814190882877,0.87369514
2021-12-14,0.8776319671545418,0.87998694
2021-12-15,0.8798728690381605,0.88138115
2021-12-16,0.874858571049792,0.88281095
2021-12-17,0.8751137358277259,0.87263536
2021-12-20,0.8688957677300335,0.87633777
2021-12-21,0.8690843537848632,0.8680398
2021-12-22,0.8759568403808751,0.87153196
2021-12-23,0.8874775521336902,0.88641965
2021-12-27,0.8923254626234183,0.90216917
2021-12-28,0.9000410537725794,0.8996922
2021-12-29,0.9006567502157621,0.9062668
2021-12-30,0.9162898614262832,0.90286416
2021-12-31,0.924118063648084,0.9297082
